Count,date,temperatureMin,temperatureMax,precipitation,snow,year,month,day
0,1/1/2012,39,52,0.01,0,2012,1,1
1,1/2/2012,34,50,0.01,0,2012,1,2
2,1/3/2012,14,35.1,0,0,2012,1,3
3,1/4/2012,10,28,0,0,2012,1,4
4,1/5/2012,25,39,0,0,2012,1,5
5,1/6/2012,28,48,,T,2012,1,6
6,1/7/2012,30,60.1,0,0,2012,1,7
7,1/8/2012,30,45,0,0,2012,1,8
8,1/9/2012,25,39.9,0,0,2012,1,9
9,1/10/2012,30,46.9,0.02,0.51,2012,1,10
10,1/11/2012,30,37.9,0,0,2012,1,11
11,1/12/2012,33.1,42.1,0.92,0,2012,1,12
12,1/13/2012,30.9,54,0.05,0,2012,1,13
13,1/14/2012,19,34,0,0,2012,1,14
14,1/15/2012,6.1,19,0,0,2012,1,15
15,1/16/2012,10,34,0.06,1.18,2012,1,16
16,1/17/2012,33.1,48,0.09,0.2,2012,1,17
17,1/18/2012,21,52,0,0,2012,1,18
18,1/19/2012,17.1,33.1,0.01,0.31,2012,1,19
19,1/20/2012,21.9,32,0.05,1.5,2012,1,20
20,1/21/2012,16,23,0.18,2.91,2012,1,21
21,1/22/2012,15.1,30,0,0,2012,1,22
22,1/23/2012,28,46.9,0.2,T,2012,1,23
23,1/24/2012,42.1,55.9,0.01,0,2012,1,24
24,1/25/2012,36,43,0,0,2012,1,25
25,1/26/2012,30.9,41,0.17,0.2,2012,1,26
26,1/27/2012,37,46,0.89,0,2012,1,27
27,1/28/2012,37.9,46,0,0,2012,1,28
28,1/29/2012,34,43,0,0,2012,1,29
29,1/30/2012,30.9,39.9,,T,2012,1,30
30,1/31/2012,30,46.9,0,0,2012,1,31
31,2/1/2012,39,52,,0,2012,2,1
32,2/2/2012,34,50,,0,2012,2,2
33,2/3/2012,14,35.1,0,0,2012,2,3
34,2/4/2012,10,28,0,0,2012,2,4
35,2/5/2012,25,39,0,0,2012,2,5
36,2/6/2012,28,48,0,T,2012,2,6
37,2/7/2012,30,60.1,0,0,2012,2,7
38,2/8/2012,30,45,0,0,2012,2,8
39,2/9/2012,25,39.9,0,0,2012,2,9
40,2/10/2012,30,46.9,,0.51,2012,2,10
41,2/11/2012,30,37.9,0.07,0,2012,2,11
42,2/12/2012,33.1,42.1,0,0,2012,2,12
43,2/13/2012,30.9,54,,0,2012,2,13
44,2/14/2012,19,34,0,0,2012,2,14
45,2/15/2012,6.1,19,,0,2012,2,15
46,2/16/2012,10,34,0.04,1.18,2012,2,16
47,2/17/2012,33.1,48,0.01,0.2,2012,2,17
48,2/18/2012,21,52,0,0,2012,2,18
49,2/19/2012,17.1,33.1,0,0.31,2012,2,19
50,2/20/2012,21.9,32,0,1.5,2012,2,20
51,2/21/2012,16,23,,2.91,2012,2,21
52,2/22/2012,15.1,30,0,0,2012,2,22
53,2/23/2012,28,46.9,0.05,T,2012,2,23
54,2/24/2012,42.1,55.9,0.54,0,2012,2,24
55,2/25/2012,36,43,,0,2012,2,25
56,2/26/2012,30.9,41,0,0.2,2012,2,26
57,2/27/2012,37,46,0,0,2012,2,27
58,2/28/2012,37.9,46,0,0,2012,2,28
59,3/1/2012,39,52,0.58,0,2012,3,1
60,3/2/2012,34,50,0,0,2012,3,2
61,3/3/2012,14,35.1,0.38,0,2012,3,3
62,3/4/2012,10,28,0,0,2012,3,4
63,3/5/2012,25,39,0,0,2012,3,5
64,3/6/2012,28,48,0,T,2012,3,6
65,3/7/2012,30,60.1,0,0,2012,3,7
66,3/8/2012,30,45,0,0,2012,3,8
67,3/9/2012,25,39.9,,0,2012,3,9
68,3/10/2012,30,46.9,,0.51,2012,3,10
69,3/11/2012,30,37.9,0,0,2012,3,11
70,3/12/2012,33.1,42.1,0,0,2012,3,12
71,3/13/2012,30.9,54,0.07,0,2012,3,13
72,3/14/2012,19,34,0,0,2012,3,14
73,3/15/2012,6.1,19,,0,2012,3,15
74,3/16/2012,10,34,0.07,1.18,2012,3,16
75,3/17/2012,33.1,48,0,0.2,2012,3,17
76,3/18/2012,21,52,0,0,2012,3,18
77,3/19/2012,17.1,33.1,0,0.31,2012,3,19
78,3/20/2012,21.9,32,0,1.5,2012,3,20
79,3/21/2012,16,23,0,2.91,2012,3,21
80,3/22/2012,15.1,30,0,0,2012,3,22
81,3/23/2012,28,46.9,0,T,2012,3,23
82,3/24/2012,42.1,55.9,,0,2012,3,24
83,3/25/2012,36,43,0.01,0,2012,3,25
84,3/26/2012,30.9,41,,0.2,2012,3,26
85,3/27/2012,37,46,0,0,2012,3,27
86,3/28/2012,37.9,46,0.06,0,2012,3,28
87,3/29/2012,34,43,0.01,0,2012,3,29
88,3/30/2012,30.9,39.9,0,T,2012,3,30
89,3/31/2012,30,46.9,0.03,0,2012,3,31
90,4/1/2012,39,52,0.19,0,2012,4,1
91,4/2/2012,34,50,0.05,0,2012,4,2
92,4/3/2012,14,35.1,0,0,2012,4,3
93,4/4/2012,10,28,,0,2012,4,4
94,4/5/2012,25,39,0,0,2012,4,5
95,4/6/2012,28,48,0,T,2012,4,6
96,4/7/2012,30,60.1,0,0,2012,4,7
97,4/8/2012,30,45,,0,2012,4,8
98,4/9/2012,25,39.9,0,0,2012,4,9
99,4/10/2012,30,46.9,0,0.51,2012,4,10
100,4/11/2012,30,37.9,0,0,2012,4,11
101,4/12/2012,33.1,42.1,0.32,0,2012,4,12
102,4/13/2012,30.9,54,0,0,2012,4,13
103,4/14/2012,19,34,0,0,2012,4,14
104,4/15/2012,6.1,19,,0,2012,4,15
105,4/16/2012,10,34,,1.18,2012,4,16
106,4/17/2012,33.1,48,0,0.2,2012,4,17
107,4/18/2012,21,52,0,0,2012,4,18
108,4/19/2012,17.1,33.1,0,0.31,2012,4,19
109,4/20/2012,21.9,32,0,1.5,2012,4,20
110,4/21/2012,16,23,0.01,2.91,2012,4,21
111,4/22/2012,15.1,30,1.04,0,2012,4,22
112,4/23/2012,28,46.9,1.48,T,2012,4,23
113,4/24/2012,42.1,55.9,0,0,2012,4,24
114,4/25/2012,36,43,,0,2012,4,25
115,4/26/2012,30.9,41,,0.2,2012,4,26
116,4/27/2012,37,46,,0,2012,4,27
117,4/28/2012,37.9,46,0,0,2012,4,28
118,4/29/2012,34,43,0,0,2012,4,29
119,4/30/2012,30.9,39.9,0,T,2012,4,30
120,5/1/2012,39,52,0.6,0,2012,5,1
121,5/2/2012,34,50,,0,2012,5,2
122,5/3/2012,14,35.1,0.04,0,2012,5,3
123,5/4/2012,10,28,0.01,0,2012,5,4
124,5/5/2012,25,39,0.09,0,2012,5,5
125,5/6/2012,28,48,0,T,2012,5,6
126,5/7/2012,30,60.1,0,0,2012,5,7
127,5/8/2012,30,45,0.16,0,2012,5,8
128,5/9/2012,25,39.9,0.26,0,2012,5,9
129,5/10/2012,30,46.9,0.85,0.51,2012,5,10
130,5/11/2012,30,37.9,0,0,2012,5,11
131,5/12/2012,33.1,42.1,0,0,2012,5,12
132,5/13/2012,30.9,54,0,0,2012,5,13
133,5/14/2012,19,34,0.09,0,2012,5,14
134,5/15/2012,6.1,19,0.5,0,2012,5,15
135,5/16/2012,10,34,0.06,1.18,2012,5,16
136,5/17/2012,33.1,48,0,0.2,2012,5,17
137,5/18/2012,21,52,0,0,2012,5,18
138,5/19/2012,17.1,33.1,0,0.31,2012,5,19
139,5/20/2012,21.9,32,0,1.5,2012,5,20
140,5/21/2012,16,23,0.02,2.91,2012,5,21
141,5/22/2012,15.1,30,0.58,0,2012,5,22
142,5/23/2012,28,46.9,,T,2012,5,23
143,5/24/2012,42.1,55.9,0,0,2012,5,24
144,5/25/2012,36,43,0,0,2012,5,25
145,5/26/2012,30.9,41,0,0.2,2012,5,26
146,5/27/2012,37,46,0,0,2012,5,27
147,5/28/2012,37.9,46,0,0,2012,5,28
148,5/29/2012,34,43,0.17,0,2012,5,29
149,5/30/2012,30.9,39.9,,T,2012,5,30
150,5/31/2012,30,46.9,0,0,2012,5,31
151,6/1/2012,39,52,0,0,2012,6,1
152,6/2/2012,34,50,1.13,0,2012,6,2
153,6/3/2012,14,35.1,0.01,0,2012,6,3
154,6/4/2012,10,28,0.13,0,2012,6,4
155,6/5/2012,25,39,0.13,0,2012,6,5
156,6/6/2012,28,48,,T,2012,6,6
157,6/7/2012,30,60.1,0.04,0,2012,6,7
158,6/8/2012,30,45,0.31,0,2012,6,8
159,6/9/2012,25,39.9,,0,2012,6,9
160,6/10/2012,30,46.9,0,0.51,2012,6,10
161,6/11/2012,30,37.9,0,0,2012,6,11
162,6/12/2012,33.1,42.1,0.01,0,2012,6,12
163,6/13/2012,30.9,54,0.7,0,2012,6,13
164,6/14/2012,19,34,0,0,2012,6,14
165,6/15/2012,6.1,19,0,0,2012,6,15
166,6/16/2012,10,34,0,1.18,2012,6,16
167,6/17/2012,33.1,48,0,0.2,2012,6,17
168,6/18/2012,21,52,0,0,2012,6,18
169,6/19/2012,17.1,33.1,0,0.31,2012,6,19
170,6/20/2012,21.9,32,0,1.5,2012,6,20
171,6/21/2012,16,23,0,2.91,2012,6,21
172,6/22/2012,15.1,30,0.02,0,2012,6,22
173,6/23/2012,28,46.9,1.19,T,2012,6,23
174,6/24/2012,42.1,55.9,0,0,2012,6,24
175,6/25/2012,36,43,0.93,0,2012,6,25
176,6/26/2012,30.9,41,0.06,0.2,2012,6,26
177,6/27/2012,37,46,,0,2012,6,27
178,6/28/2012,37.9,46,0,0,2012,6,28
179,6/29/2012,34,43,0.05,0,2012,6,29
180,6/30/2012,30.9,39.9,0,T,2012,6,30
181,7/1/2012,39,52,0,0,2012,7,1
182,7/2/2012,34,50,0,0,2012,7,2
183,7/3/2012,14,35.1,0,0,2012,7,3
184,7/4/2012,10,28,0.14,0,2012,7,4
185,7/5/2012,25,39,0,0,2012,7,5
186,7/6/2012,28,48,0,T,2012,7,6
187,7/7/2012,30,60.1,,0,2012,7,7
188,7/8/2012,30,45,0,0,2012,7,8
189,7/9/2012,25,39.9,0,0,2012,7,9
190,7/10/2012,30,46.9,0,0.51,2012,7,10
191,7/11/2012,30,37.9,0,0,2012,7,11
192,7/12/2012,33.1,42.1,0,0,2012,7,12
193,7/13/2012,30.9,54,0,0,2012,7,13
194,7/14/2012,19,34,0,0,2012,7,14
195,7/15/2012,6.1,19,,0,2012,7,15
196,7/16/2012,10,34,,1.18,2012,7,16
197,7/17/2012,33.1,48,0,0.2,2012,7,17
198,7/18/2012,21,52,1.74,0,2012,7,18
199,7/19/2012,17.1,33.1,0.06,0.31,2012,7,19
200,7/20/2012,21.9,32,0,1.5,2012,7,20
201,7/21/2012,16,23,0,2.91,2012,7,21
202,7/22/2012,15.1,30,0,0,2012,7,22
203,7/23/2012,28,46.9,0.02,T,2012,7,23
204,7/24/2012,42.1,55.9,0.55,0,2012,7,24
205,7/25/2012,36,43,0,0,2012,7,25
206,7/26/2012,30.9,41,,0.2,2012,7,26
207,7/27/2012,37,46,0.02,0,2012,7,27
208,7/28/2012,37.9,46,0.87,0,2012,7,28
209,7/29/2012,34,43,,0,2012,7,29
210,7/30/2012,30.9,39.9,0,T,2012,7,30
211,7/31/2012,30,46.9,0.48,0,2012,7,31
212,8/1/2012,39,52,0.8,0,2012,8,1
213,8/2/2012,34,50,0,0,2012,8,2
214,8/3/2012,14,35.1,0,0,2012,8,3
215,8/4/2012,10,28,0,0,2012,8,4
216,8/5/2012,25,39,0.08,0,2012,8,5
217,8/6/2012,28,48,0,T,2012,8,6
218,8/7/2012,30,60.1,0,0,2012,8,7
219,8/8/2012,30,45,0,0,2012,8,8
220,8/9/2012,25,39.9,0,0,2012,8,9
221,8/10/2012,30,46.9,1.17,0.51,2012,8,10
222,8/11/2012,30,37.9,0,0,2012,8,11
223,8/12/2012,33.1,42.1,0.01,0,2012,8,12
224,8/13/2012,30.9,54,0,0,2012,8,13
225,8/14/2012,19,34,0,0,2012,8,14
226,8/15/2012,6.1,19,0.83,0,2012,8,15
227,8/16/2012,10,34,,1.18,2012,8,16
228,8/17/2012,33.1,48,,0.2,2012,8,17
229,8/18/2012,21,52,0.04,0,2012,8,18
230,8/19/2012,17.1,33.1,0,0.31,2012,8,19
231,8/20/2012,21.9,32,0,1.5,2012,8,20
232,8/21/2012,16,23,,2.91,2012,8,21
233,8/22/2012,15.1,30,0,0,2012,8,22
234,8/23/2012,28,46.9,0,T,2012,8,23
235,8/24/2012,42.1,55.9,0,0,2012,8,24
236,8/25/2012,36,43,0,0,2012,8,25
237,8/26/2012,30.9,41,0,0.2,2012,8,26
238,8/27/2012,37,46,0,0,2012,8,27
239,8/28/2012,37.9,46,0.15,0,2012,8,28
240,8/29/2012,34,43,0,0,2012,8,29
241,8/30/2012,30.9,39.9,0,T,2012,8,30
242,8/31/2012,30,46.9,0,0,2012,8,31
243,9/1/2012,39,52,0,0,2012,9,1
244,9/2/2012,34,50,,0,2012,9,2
245,9/3/2012,14,35.1,0,0,2012,9,3
246,9/4/2012,10,28,0.44,0,2012,9,4
247,9/5/2012,25,39,0.66,0,2012,9,5
248,9/6/2012,28,48,0,T,2012,9,6
249,9/7/2012,30,60.1,0.43,0,2012,9,7
250,9/8/2012,30,45,0.71,0,2012,9,8
251,9/9/2012,25,39.9,,0,2012,9,9
252,9/10/2012,30,46.9,0,0.51,2012,9,10
253,9/11/2012,30,37.9,0,0,2012,9,11
254,9/12/2012,33.1,42.1,0,0,2012,9,12
255,9/13/2012,30.9,54,0,0,2012,9,13
256,9/14/2012,19,34,0,0,2012,9,14
257,9/15/2012,6.1,19,0.12,0,2012,9,15
258,9/16/2012,10,34,0,1.18,2012,9,16
259,9/17/2012,33.1,48,0,0.2,2012,9,17
260,9/18/2012,21,52,0.09,0,2012,9,18
261,9/19/2012,17.1,33.1,0.61,0.31,2012,9,19
262,9/20/2012,21.9,32,0,1.5,2012,9,20
263,9/21/2012,16,23,0,2.91,2012,9,21
264,9/22/2012,15.1,30,0,0,2012,9,22
265,9/23/2012,28,46.9,0.02,T,2012,9,23
266,9/24/2012,42.1,55.9,0,0,2012,9,24
267,9/25/2012,36,43,0,0,2012,9,25
268,9/26/2012,30.9,41,,0.2,2012,9,26
269,9/27/2012,37,46,0,0,2012,9,27
270,9/28/2012,37.9,46,0.79,0,2012,9,28
271,9/29/2012,34,43,0.02,0,2012,9,29
272,9/30/2012,30.9,39.9,0.21,T,2012,9,30
273,10/1/2012,39,52,0,0,2012,10,1
274,10/2/2012,34,50,0.03,0,2012,10,2
275,10/3/2012,14,35.1,0.08,0,2012,10,3
276,10/4/2012,10,28,0.03,0,2012,10,4
277,10/5/2012,25,39,0,0,2012,10,5
278,10/6/2012,28,48,0.06,T,2012,10,6
279,10/7/2012,30,60.1,0.11,0,2012,10,7
280,10/8/2012,30,45,0,0,2012,10,8
281,10/9/2012,25,39.9,,0,2012,10,9
282,10/10/2012,30,46.9,0.14,0.51,2012,10,10
283,10/11/2012,30,37.9,0,0,2012,10,11
284,10/12/2012,33.1,42.1,0.03,0,2012,10,12
285,10/13/2012,30.9,54,0,0,2012,10,13
286,10/14/2012,19,34,0.19,0,2012,10,14
287,10/15/2012,6.1,19,0.02,0,2012,10,15
288,10/16/2012,10,34,0.06,1.18,2012,10,16
289,10/17/2012,33.1,48,0,0.2,2012,10,17
290,10/18/2012,21,52,0,0,2012,10,18
291,10/19/2012,17.1,33.1,0.06,0.31,2012,10,19
292,10/20/2012,21.9,32,0.16,1.5,2012,10,20
293,10/21/2012,16,23,0,2.91,2012,10,21
294,10/22/2012,15.1,30,0,0,2012,10,22
295,10/23/2012,28,46.9,0,T,2012,10,23
296,10/24/2012,42.1,55.9,0,0,2012,10,24
297,10/25/2012,36,43,0,0,2012,10,25
298,10/26/2012,30.9,41,0,0.2,2012,10,26
299,10/27/2012,37,46,0,0,2012,10,27
300,10/28/2012,37.9,46,0.08,0,2012,10,28
301,10/29/2012,34,43,1.06,0,2012,10,29
302,10/30/2012,30.9,39.9,0.49,T,2012,10,30
303,10/31/2012,30,46.9,0.02,0,2012,10,31
304,11/1/2012,39,52,0,0,2012,11,1
305,11/2/2012,34,50,0.03,0,2012,11,2
306,11/3/2012,14,35.1,0,0,2012,11,3
307,11/4/2012,10,28,0,0,2012,11,4
308,11/5/2012,25,39,0,0,2012,11,5
309,11/6/2012,28,48,0,T,2012,11,6
310,11/7/2012,30,60.1,0.33,0,2012,11,7
311,11/8/2012,30,45,0.21,0,2012,11,8
312,11/9/2012,25,39.9,0,0,2012,11,9
313,11/10/2012,30,46.9,0,0.51,2012,11,10
314,11/11/2012,30,37.9,0,0,2012,11,11
315,11/12/2012,33.1,42.1,0,0,2012,11,12
316,11/13/2012,30.9,54,0.29,0,2012,11,13
317,11/14/2012,19,34,0,0,2012,11,14
318,11/15/2012,6.1,19,0,0,2012,11,15
319,11/16/2012,10,34,0,1.18,2012,11,16
320,11/17/2012,33.1,48,0,0.2,2012,11,17
321,11/18/2012,21,52,0,0,2012,11,18
322,11/19/2012,17.1,33.1,0,0.31,2012,11,19
323,11/20/2012,21.9,32,0,1.5,2012,11,20
324,11/21/2012,16,23,0,2.91,2012,11,21
325,11/22/2012,15.1,30,0,0,2012,11,22
326,11/23/2012,28,46.9,0,T,2012,11,23
327,11/24/2012,42.1,55.9,,0,2012,11,24
328,11/25/2012,36,43,0,0,2012,11,25
329,11/26/2012,30.9,41,0,0.2,2012,11,26
330,11/27/2012,37,46,0.15,0,2012,11,27
331,11/28/2012,37.9,46,,0,2012,11,28
332,11/29/2012,34,43,0,0,2012,11,29
333,11/30/2012,30.9,39.9,0,T,2012,11,30
334,12/1/2012,39,52,0.03,0,2012,12,1
335,12/2/2012,34,50,,0,2012,12,2
336,12/3/2012,14,35.1,0,0,2012,12,3
337,12/4/2012,10,28,0.01,0,2012,12,4
338,12/5/2012,25,39,,0,2012,12,5
339,12/6/2012,28,48,0,T,2012,12,6
340,12/7/2012,30,60.1,0.03,0,2012,12,7
341,12/8/2012,30,45,0.34,0,2012,12,8
342,12/9/2012,25,39.9,0.08,0,2012,12,9
343,12/10/2012,30,46.9,0.56,0.51,2012,12,10
344,12/11/2012,30,37.9,,0,2012,12,11
345,12/12/2012,33.1,42.1,0,0,2012,12,12
346,12/13/2012,30.9,54,0,0,2012,12,13
347,12/14/2012,19,34,0,0,2012,12,14
348,12/15/2012,6.1,19,0,0,2012,12,15
349,12/16/2012,10,34,0.25,1.18,2012,12,16
350,12/17/2012,33.1,48,0.48,0.2,2012,12,17
351,12/18/2012,21,52,0.86,0,2012,12,18
352,12/19/2012,17.1,33.1,,0.31,2012,12,19
353,12/20/2012,21.9,32,,1.5,2012,12,20
354,12/21/2012,16,23,0.65,2.91,2012,12,21
355,12/22/2012,15.1,30,0,0,2012,12,22
356,12/23/2012,28,46.9,0,T,2012,12,23
357,12/24/2012,42.1,55.9,0,0,2012,12,24
358,12/25/2012,36,43,0.01,0,2012,12,25
359,12/26/2012,30.9,41,0.23,0.2,2012,12,26
360,12/27/2012,37,46,1.67,0,2012,12,27
361,12/28/2012,37.9,46,0,0,2012,12,28
362,12/29/2012,34,43,0.69,0,2012,12,29
363,12/30/2012,30.9,39.9,0.04,T,2012,12,30
364,12/31/2012,30,46.9,0,0,2012,12,31
365,1/1/2013,39,52,0,0,2013,1,1
366,1/2/2013,34,50,,0,2013,1,2
367,1/3/2013,14,35.1,0,0,2013,1,3
368,1/4/2013,10,28,0,0,2013,1,4
369,1/5/2013,25,39,0,0,2013,1,5
370,1/6/2013,28,48,,T,2013,1,6
371,1/7/2013,30,60.1,0,0,2013,1,7
372,1/8/2013,30,45,0,0,2013,1,8
373,1/9/2013,25,39.9,,0,2013,1,9
374,1/10/2013,30,46.9,0,0.51,2013,1,10
375,1/11/2013,30,37.9,0.12,0,2013,1,11
376,1/12/2013,33.1,42.1,0.01,0,2013,1,12
377,1/13/2013,30.9,54,,0,2013,1,13
378,1/14/2013,19,34,0,0,2013,1,14
379,1/15/2013,6.1,19,,0,2013,1,15
380,1/16/2013,10,34,0.37,1.18,2013,1,16
381,1/17/2013,33.1,48,0,0.2,2013,1,17
382,1/18/2013,21,52,0,0,2013,1,18
383,1/19/2013,17.1,33.1,0,0.31,2013,1,19
384,1/20/2013,21.9,32,0,1.5,2013,1,20
385,1/21/2013,16,23,0.01,2.91,2013,1,21
386,1/22/2013,15.1,30,,0,2013,1,22
387,1/23/2013,28,46.9,0,T,2013,1,23
388,1/24/2013,42.1,55.9,0,0,2013,1,24
389,1/25/2013,36,43,0.01,0,2013,1,25
390,1/26/2013,30.9,41,0.01,0.2,2013,1,26
391,1/27/2013,37,46,0,0,2013,1,27
392,1/28/2013,37.9,46,0.17,0,2013,1,28
393,1/29/2013,34,43,0.01,0,2013,1,29
394,1/30/2013,30.9,39.9,0.06,T,2013,1,30
395,1/31/2013,30,46.9,0.31,0,2013,1,31
396,2/1/2013,39,52,0,0,2013,2,1
397,2/2/2013,34,50,0,0,2013,2,2
398,2/3/2013,14,35.1,0.03,0,2013,2,3
399,2/4/2013,10,28,0,0,2013,2,4
400,2/5/2013,25,39,0.03,0,2013,2,5
401,2/6/2013,28,48,0.05,T,2013,2,6
402,2/7/2013,30,60.1,0,0,2013,2,7
403,2/8/2013,30,45,0.85,0,2013,2,8
404,2/9/2013,25,39.9,1,0,2013,2,9
405,2/10/2013,30,46.9,0,0.51,2013,2,10
406,2/11/2013,30,37.9,0.2,0,2013,2,11
407,2/12/2013,33.1,42.1,0,0,2013,2,12
408,2/13/2013,30.9,54,0,0,2013,2,13
409,2/14/2013,19,34,,0,2013,2,14
410,2/15/2013,6.1,19,0,0,2013,2,15
411,2/16/2013,10,34,0.01,1.18,2013,2,16
412,2/17/2013,33.1,48,0.2,0.2,2013,2,17
413,2/18/2013,21,52,0,0,2013,2,18
414,2/19/2013,17.1,33.1,0.45,0.31,2013,2,19
415,2/20/2013,21.9,32,0.01,1.5,2013,2,20
416,2/21/2013,16,23,0,2.91,2013,2,21
417,2/22/2013,15.1,30,0,0,2013,2,22
418,2/23/2013,28,46.9,0.23,T,2013,2,23
419,2/24/2013,42.1,55.9,0.82,0,2013,2,24
420,2/25/2013,36,43,0.01,0,2013,2,25
421,2/26/2013,30.9,41,0,0.2,2013,2,26
422,2/27/2013,37,46,1.37,0,2013,2,27
423,2/28/2013,37.9,46,0,0,2013,2,28
424,3/1/2013,39,52,0,0,2013,3,1
425,3/2/2013,34,50,0,0,2013,3,2
426,3/3/2013,14,35.1,,0,2013,3,3
427,3/4/2013,10,28,,0,2013,3,4
428,3/5/2013,25,39,,0,2013,3,5
429,3/6/2013,28,48,0.05,T,2013,3,6
430,3/7/2013,30,60.1,0.46,0,2013,3,7
431,3/8/2013,30,45,0.94,0,2013,3,8
432,3/9/2013,25,39.9,0,0,2013,3,9
433,3/10/2013,30,46.9,0,0.51,2013,3,10
434,3/11/2013,30,37.9,0,0,2013,3,11
435,3/12/2013,33.1,42.1,0.29,0,2013,3,12
436,3/13/2013,30.9,54,,0,2013,3,13
437,3/14/2013,19,34,0,0,2013,3,14
438,3/15/2013,6.1,19,0,0,2013,3,15
439,3/16/2013,10,34,0,1.18,2013,3,16
440,3/17/2013,33.1,48,0,0.2,2013,3,17
441,3/18/2013,21,52,0.12,0,2013,3,18
442,3/19/2013,17.1,33.1,1.35,0.31,2013,3,19
443,3/20/2013,21.9,32,0,1.5,2013,3,20
444,3/21/2013,16,23,0.02,2.91,2013,3,21
445,3/22/2013,15.1,30,0,0,2013,3,22
446,3/23/2013,28,46.9,0,T,2013,3,23
447,3/24/2013,42.1,55.9,0,0,2013,3,24
448,3/25/2013,36,43,,0,2013,3,25
449,3/26/2013,30.9,41,0.05,0.2,2013,3,26
450,3/27/2013,37,46,0,0,2013,3,27
451,3/28/2013,37.9,46,,0,2013,3,28
452,3/29/2013,34,43,0.01,0,2013,3,29
453,3/30/2013,30.9,39.9,0,T,2013,3,30
454,3/31/2013,30,46.9,0.03,0,2013,3,31
455,4/1/2013,39,52,0.12,0,2013,4,1
456,4/2/2013,34,50,,0,2013,4,2
457,4/3/2013,14,35.1,0,0,2013,4,3
458,4/4/2013,10,28,0,0,2013,4,4
459,4/5/2013,25,39,0,0,2013,4,5
460,4/6/2013,28,48,0,T,2013,4,6
461,4/7/2013,30,60.1,0,0,2013,4,7
462,4/8/2013,30,45,0,0,2013,4,8
463,4/9/2013,25,39.9,0.06,0,2013,4,9
464,4/10/2013,30,46.9,0.19,0.51,2013,4,10
465,4/11/2013,30,37.9,0.04,0,2013,4,11
466,4/12/2013,33.1,42.1,0.35,0,2013,4,12
467,4/13/2013,30.9,54,0.02,0,2013,4,13
468,4/14/2013,19,34,,0,2013,4,14
469,4/15/2013,6.1,19,0,0,2013,4,15
470,4/16/2013,10,34,,1.18,2013,4,16
471,4/17/2013,33.1,48,,0.2,2013,4,17
472,4/18/2013,21,52,0,0,2013,4,18
473,4/19/2013,17.1,33.1,0.05,0.31,2013,4,19
474,4/20/2013,21.9,32,0.38,1.5,2013,4,20
475,4/21/2013,16,23,0,2.91,2013,4,21
476,4/22/2013,15.1,30,0,0,2013,4,22
477,4/23/2013,28,46.9,0.13,T,2013,4,23
478,4/24/2013,42.1,55.9,,0,2013,4,24
479,4/25/2013,36,43,0.03,0,2013,4,25
480,4/26/2013,30.9,41,0,0.2,2013,4,26
481,4/27/2013,37,46,0,0,2013,4,27
482,4/28/2013,37.9,46,0,0,2013,4,28
483,4/29/2013,34,43,0,0,2013,4,29
484,4/30/2013,30.9,39.9,0,T,2013,4,30
485,5/1/2013,39,52,0,0,2013,5,1
486,5/2/2013,34,50,,0,2013,5,2
487,5/3/2013,14,35.1,0,0,2013,5,3
488,5/4/2013,10,28,0,0,2013,5,4
489,5/5/2013,25,39,0,0,2013,5,5
490,5/6/2013,28,48,0,T,2013,5,6
491,5/7/2013,30,60.1,0,0,2013,5,7
492,5/8/2013,30,45,0.37,0,2013,5,8
493,5/9/2013,25,39.9,0.61,0,2013,5,9
494,5/10/2013,30,46.9,0.06,0.51,2013,5,10
495,5/11/2013,30,37.9,0.02,0,2013,5,11
496,5/12/2013,33.1,42.1,0.04,0,2013,5,12
497,5/13/2013,30.9,54,0,0,2013,5,13
498,5/14/2013,19,34,,0,2013,5,14
499,5/15/2013,6.1,19,,0,2013,5,15
500,5/16/2013,10,34,0,1.18,2013,5,16
501,5/17/2013,33.1,48,0,0.2,2013,5,17
502,5/18/2013,21,52,0,0,2013,5,18
503,5/19/2013,17.1,33.1,0.17,0.31,2013,5,19
504,5/20/2013,21.9,32,0.04,1.5,2013,5,20
505,5/21/2013,16,23,0.01,2.91,2013,5,21
506,5/22/2013,15.1,30,0.05,0,2013,5,22
507,5/23/2013,28,46.9,0.05,T,2013,5,23
508,5/24/2013,42.1,55.9,0.57,0,2013,5,24
509,5/25/2013,36,43,0.34,0,2013,5,25
510,5/26/2013,30.9,41,0.05,0.2,2013,5,26
511,5/27/2013,37,46,0,0,2013,5,27
512,5/28/2013,37.9,46,0,0,2013,5,28
513,5/29/2013,34,43,0.84,0,2013,5,29
514,5/30/2013,30.9,39.9,0,T,2013,5,30
515,5/31/2013,30,46.9,0,0,2013,5,31
516,6/1/2013,39,52,0,0,2013,6,1
517,6/2/2013,34,50,0,0,2013,6,2
518,6/3/2013,14,35.1,0.71,0,2013,6,3
519,6/4/2013,10,28,0,0,2013,6,4
520,6/5/2013,25,39,0,0,2013,6,5
521,6/6/2013,28,48,0.02,T,2013,6,6
522,6/7/2013,30,60.1,3.07,0,2013,6,7
523,6/8/2013,30,45,0.54,0,2013,6,8
524,6/9/2013,25,39.9,0,0,2013,6,9
525,6/10/2013,30,46.9,0.88,0.51,2013,6,10
526,6/11/2013,30,37.9,1.38,0,2013,6,11
527,6/12/2013,33.1,42.1,0.07,0,2013,6,12
528,6/13/2013,30.9,54,0.72,0,2013,6,13
529,6/14/2013,19,34,1.02,0,2013,6,14
530,6/15/2013,6.1,19,0,0,2013,6,15
531,6/16/2013,10,34,,1.18,2013,6,16
532,6/17/2013,33.1,48,0.43,0.2,2013,6,17
533,6/18/2013,21,52,0.63,0,2013,6,18
534,6/19/2013,17.1,33.1,0,0.31,2013,6,19
535,6/20/2013,21.9,32,0,1.5,2013,6,20
536,6/21/2013,16,23,0,2.91,2013,6,21
537,6/22/2013,15.1,30,0,0,2013,6,22
538,6/23/2013,28,46.9,,T,2013,6,23
539,6/24/2013,42.1,55.9,0.33,0,2013,6,24
540,6/25/2013,36,43,,0,2013,6,25
541,6/26/2013,30.9,41,0.04,0.2,2013,6,26
542,6/27/2013,37,46,0.03,0,2013,6,27
543,6/28/2013,37.9,46,0.45,0,2013,6,28
544,6/29/2013,34,43,0.07,0,2013,6,29
545,6/30/2013,30.9,39.9,0.11,T,2013,6,30
546,7/1/2013,39,52,0.03,0,2013,7,1
547,7/2/2013,34,50,,0,2013,7,2
548,7/3/2013,14,35.1,,0,2013,7,3
549,7/4/2013,10,28,0,0,2013,7,4
550,7/5/2013,25,39,0,0,2013,7,5
551,7/6/2013,28,48,0,T,2013,7,6
552,7/7/2013,30,60.1,,0,2013,7,7
553,7/8/2013,30,45,0.01,0,2013,7,8
554,7/9/2013,25,39.9,,0,2013,7,9
555,7/10/2013,30,46.9,0.01,0.51,2013,7,10
556,7/11/2013,30,37.9,0.17,0,2013,7,11
557,7/12/2013,33.1,42.1,0,0,2013,7,12
558,7/13/2013,30.9,54,,0,2013,7,13
559,7/14/2013,19,34,0,0,2013,7,14
560,7/15/2013,6.1,19,0,0,2013,7,15
561,7/16/2013,10,34,0.01,1.18,2013,7,16
562,7/17/2013,33.1,48,0,0.2,2013,7,17
563,7/18/2013,21,52,0,0,2013,7,18
564,7/19/2013,17.1,33.1,0,0.31,2013,7,19
565,7/20/2013,21.9,32,0,1.5,2013,7,20
566,7/21/2013,16,23,0.01,2.91,2013,7,21
567,7/22/2013,15.1,30,0,0,2013,7,22
568,7/23/2013,28,46.9,1.76,T,2013,7,23
569,7/24/2013,42.1,55.9,0,0,2013,7,24
570,7/25/2013,36,43,0.27,0,2013,7,25
571,7/26/2013,30.9,41,1,0.2,2013,7,26
572,7/27/2013,37,46,0,0,2013,7,27
573,7/28/2013,37.9,46,0.01,0,2013,7,28
574,7/29/2013,34,43,0.33,0,2013,7,29
575,7/30/2013,30.9,39.9,0,T,2013,7,30
576,7/31/2013,30,46.9,0,0,2013,7,31
577,8/1/2013,39,52,,0,2013,8,1
578,8/2/2013,34,50,0.13,0,2013,8,2
579,8/3/2013,14,35.1,0,0,2013,8,3
580,8/4/2013,10,28,,0,2013,8,4
581,8/5/2013,25,39,0,0,2013,8,5
582,8/6/2013,28,48,0,T,2013,8,6
583,8/7/2013,30,60.1,0,0,2013,8,7
584,8/8/2013,30,45,0.07,0,2013,8,8
585,8/9/2013,25,39.9,1.62,0,2013,8,9
586,8/10/2013,30,46.9,0,0.51,2013,8,10
587,8/11/2013,30,37.9,0,0,2013,8,11
588,8/12/2013,33.1,42.1,0,0,2013,8,12
589,8/13/2013,30.9,54,,0,2013,8,13
590,8/14/2013,19,34,0,0,2013,8,14
591,8/15/2013,6.1,19,0,0,2013,8,15
592,8/16/2013,10,34,0,1.18,2013,8,16
593,8/17/2013,33.1,48,0,0.2,2013,8,17
594,8/18/2013,21,52,0,0,2013,8,18
595,8/19/2013,17.1,33.1,0,0.31,2013,8,19
596,8/20/2013,21.9,32,0,1.5,2013,8,20
597,8/21/2013,16,23,0,2.91,2013,8,21
598,8/22/2013,15.1,30,0,0,2013,8,22
599,8/23/2013,28,46.9,0,T,2013,8,23
600,8/24/2013,42.1,55.9,0,0,2013,8,24
601,8/25/2013,36,43,0,0,2013,8,25
602,8/26/2013,30.9,41,0.01,0.2,2013,8,26
603,8/27/2013,37,46,0.01,0,2013,8,27
604,8/28/2013,37.9,46,0,0,2013,8,28
605,8/29/2013,34,43,,0,2013,8,29
606,8/30/2013,30.9,39.9,0,T,2013,8,30
607,8/31/2013,30,46.9,,0,2013,8,31
608,9/1/2013,39,52,0.38,0,2013,9,1
609,9/2/2013,34,50,0.38,0,2013,9,2
610,9/3/2013,14,35.1,0,0,2013,9,3
611,9/4/2013,10,28,0,0,2013,9,4
612,9/5/2013,25,39,0.09,0,2013,9,5
613,9/6/2013,28,48,0,T,2013,9,6
614,9/7/2013,30,60.1,,0,2013,9,7
615,9/8/2013,30,45,,0,2013,9,8
616,9/9/2013,25,39.9,0,0,2013,9,9
617,9/10/2013,30,46.9,0.03,0.51,2013,9,10
618,9/11/2013,30,37.9,0,0,2013,9,11
619,9/12/2013,33.1,42.1,0.57,0,2013,9,12
620,9/13/2013,30.9,54,0.39,0,2013,9,13
621,9/14/2013,19,34,,0,2013,9,14
622,9/15/2013,6.1,19,0,0,2013,9,15
623,9/16/2013,10,34,,1.18,2013,9,16
624,9/17/2013,33.1,48,0,0.2,2013,9,17
625,9/18/2013,21,52,0,0,2013,9,18
626,9/19/2013,17.1,33.1,0,0.31,2013,9,19
627,9/20/2013,21.9,32,0,1.5,2013,9,20
628,9/21/2013,16,23,,2.91,2013,9,21
629,9/22/2013,15.1,30,0.37,0,2013,9,22
630,9/23/2013,28,46.9,0,T,2013,9,23
631,9/24/2013,42.1,55.9,0,0,2013,9,24
632,9/25/2013,36,43,0,0,2013,9,25
633,9/26/2013,30.9,41,0,0.2,2013,9,26
634,9/27/2013,37,46,0,0,2013,9,27
635,9/28/2013,37.9,46,0,0,2013,9,28
636,9/29/2013,34,43,,0,2013,9,29
637,9/30/2013,30.9,39.9,0,T,2013,9,30
638,10/1/2013,39,52,0,0,2013,10,1
639,10/2/2013,34,50,0,0,2013,10,2
640,10/3/2013,14,35.1,0,0,2013,10,3
641,10/4/2013,10,28,0.03,0,2013,10,4
642,10/5/2013,25,39,,0,2013,10,5
643,10/6/2013,28,48,0.31,T,2013,10,6
644,10/7/2013,30,60.1,0.11,0,2013,10,7
645,10/8/2013,30,45,0,0,2013,10,8
646,10/9/2013,25,39.9,0,0,2013,10,9
647,10/10/2013,30,46.9,0,0.51,2013,10,10
648,10/11/2013,30,37.9,0,0,2013,10,11
649,10/12/2013,33.1,42.1,,0,2013,10,12
650,10/13/2013,30.9,54,0,0,2013,10,13
651,10/14/2013,19,34,0,0,2013,10,14
652,10/15/2013,6.1,19,0,0,2013,10,15
653,10/16/2013,10,34,0,1.18,2013,10,16
654,10/17/2013,33.1,48,0.03,0.2,2013,10,17
655,10/18/2013,21,52,0.02,0,2013,10,18
656,10/19/2013,17.1,33.1,0,0.31,2013,10,19
657,10/20/2013,21.9,32,,1.5,2013,10,20
658,10/21/2013,16,23,0,2.91,2013,10,21
659,10/22/2013,15.1,30,,0,2013,10,22
660,10/23/2013,28,46.9,0,T,2013,10,23
661,10/24/2013,42.1,55.9,0,0,2013,10,24
662,10/25/2013,36,43,0,0,2013,10,25
663,10/26/2013,30.9,41,0,0.2,2013,10,26
664,10/27/2013,37,46,0.03,0,2013,10,27
665,10/28/2013,37.9,46,0,0,2013,10,28
666,10/29/2013,34,43,0,0,2013,10,29
667,10/30/2013,30.9,39.9,0.05,T,2013,10,30
668,10/31/2013,30,46.9,0.03,0,2013,10,31
669,11/1/2013,39,52,0.03,0,2013,11,1
670,11/2/2013,34,50,,0,2013,11,2
671,11/3/2013,14,35.1,0.03,0,2013,11,3
672,11/4/2013,10,28,0,0,2013,11,4
673,11/5/2013,25,39,0,0,2013,11,5
674,11/6/2013,28,48,0,T,2013,11,6
675,11/7/2013,30,60.1,0.22,0,2013,11,7
676,11/8/2013,30,45,0,0,2013,11,8
677,11/9/2013,25,39.9,0,0,2013,11,9
678,11/10/2013,30,46.9,0.03,0.51,2013,11,10
679,11/11/2013,30,37.9,0,0,2013,11,11
680,11/12/2013,33.1,42.1,0.08,0,2013,11,12
681,11/13/2013,30.9,54,0,0,2013,11,13
682,11/14/2013,19,34,0,0,2013,11,14
683,11/15/2013,6.1,19,0,0,2013,11,15
684,11/16/2013,10,34,0,1.18,2013,11,16
685,11/17/2013,33.1,48,0.04,0.2,2013,11,17
686,11/18/2013,21,52,0.15,0,2013,11,18
687,11/19/2013,17.1,33.1,0,0.31,2013,11,19
688,11/20/2013,21.9,32,0,1.5,2013,11,20
689,11/21/2013,16,23,0,2.91,2013,11,21
690,11/22/2013,15.1,30,0.25,0,2013,11,22
691,11/23/2013,28,46.9,,T,2013,11,23
692,11/24/2013,42.1,55.9,0,0,2013,11,24
693,11/25/2013,36,43,0,0,2013,11,25
694,11/26/2013,30.9,41,0.1,0.2,2013,11,26
695,11/27/2013,37,46,1.79,0,2013,11,27
696,11/28/2013,37.9,46,0,0,2013,11,28
697,11/29/2013,34,43,0,0,2013,11,29
698,11/30/2013,30.9,39.9,0,T,2013,11,30
699,12/1/2013,39,52,0.27,0,2013,12,1
700,12/2/2013,34,50,0,0,2013,12,2
701,12/3/2013,14,35.1,0,0,2013,12,3
702,12/4/2013,10,28,,0,2013,12,4
703,12/5/2013,25,39,0.01,0,2013,12,5
704,12/6/2013,28,48,0.3,T,2013,12,6
705,12/7/2013,30,60.1,0.09,0,2013,12,7
706,12/8/2013,30,45,0,0,2013,12,8
707,12/9/2013,25,39.9,0.43,0,2013,12,9
708,12/10/2013,30,46.9,0.07,0.51,2013,12,10
709,12/11/2013,30,37.9,0,0,2013,12,11
710,12/12/2013,33.1,42.1,0,0,2013,12,12
711,12/13/2013,30.9,54,0,0,2013,12,13
712,12/14/2013,19,34,0.22,0,2013,12,14
713,12/15/2013,6.1,19,0.64,0,2013,12,15
714,12/16/2013,10,34,,1.18,2013,12,16
715,12/17/2013,33.1,48,0.53,0.2,2013,12,17
716,12/18/2013,21,52,0,0,2013,12,18
717,12/19/2013,17.1,33.1,0,0.31,2013,12,19
718,12/20/2013,21.9,32,0,1.5,2013,12,20
719,12/21/2013,16,23,0,2.91,2013,12,21
720,12/22/2013,15.1,30,0.01,0,2013,12,22
721,12/23/2013,28,46.9,0.68,T,2013,12,23
722,12/24/2013,42.1,55.9,0,0,2013,12,24
723,12/25/2013,36,43,,0,2013,12,25
724,12/26/2013,30.9,41,0.05,0.2,2013,12,26
725,12/27/2013,37,46,0,0,2013,12,27
726,12/28/2013,37.9,46,0,0,2013,12,28
727,12/29/2013,34,43,1.32,0,2013,12,29
728,12/30/2013,30.9,39.9,0,T,2013,12,30
729,12/31/2013,30,46.9,,0,2013,12,31
730,1/1/2014,39,52,0,0,2014,1,1
731,1/2/2014,34,50,0.38,0,2014,1,2
732,1/3/2014,14,35.1,0.19,0,2014,1,3
733,1/4/2014,10,28,0,0,2014,1,4
734,1/5/2014,25,39,0.04,0,2014,1,5
735,1/6/2014,28,48,0.32,T,2014,1,6
736,1/7/2014,30,60.1,,0,2014,1,7
737,1/8/2014,30,45,0,0,2014,1,8
738,1/9/2014,25,39.9,0,0,2014,1,9
739,1/10/2014,30,46.9,0.02,0.51,2014,1,10
740,1/11/2014,30,37.9,0.54,0,2014,1,11
741,1/12/2014,33.1,42.1,,0,2014,1,12
742,1/13/2014,30.9,54,0,0,2014,1,13
743,1/14/2014,19,34,0.79,0,2014,1,14
744,1/15/2014,6.1,19,,0,2014,1,15
745,1/16/2014,10,34,0,1.18,2014,1,16
746,1/17/2014,33.1,48,0,0.2,2014,1,17
747,1/18/2014,21,52,0.79,0,2014,1,18
748,1/19/2014,17.1,33.1,0.03,0.31,2014,1,19
749,1/20/2014,21.9,32,0,1.5,2014,1,20
750,1/21/2014,16,23,0.11,2.91,2014,1,21
751,1/22/2014,15.1,30,,0,2014,1,22
752,1/23/2014,28,46.9,0,T,2014,1,23
753,1/24/2014,42.1,55.9,0,0,2014,1,24
754,1/25/2014,36,43,,0,2014,1,25
755,1/26/2014,30.9,41,0,0.2,2014,1,26
756,1/27/2014,37,46,0.02,0,2014,1,27
757,1/28/2014,37.9,46,0,0,2014,1,28
758,1/29/2014,34,43,0.01,0,2014,1,29
759,1/30/2014,30.9,39.9,0,T,2014,1,30
760,1/31/2014,30,46.9,0,0,2014,1,31
761,2/1/2014,39,52,0,0,2014,2,1
762,2/2/2014,34,50,0.02,0,2014,2,2
763,2/3/2014,14,35.1,0.17,0,2014,2,3
764,2/4/2014,10,28,0,0,2014,2,4
765,2/5/2014,25,39,1.11,0,2014,2,5
766,2/6/2014,28,48,,T,2014,2,6
767,2/7/2014,30,60.1,0,0,2014,2,7
768,2/8/2014,30,45,0,0,2014,2,8
769,2/9/2014,25,39.9,0.03,0,2014,2,9
770,2/10/2014,30,46.9,,0.51,2014,2,10
771,2/11/2014,30,37.9,0,0,2014,2,11
772,2/12/2014,33.1,42.1,0,0,2014,2,12
773,2/13/2014,30.9,54,1.35,0,2014,2,13
774,2/14/2014,19,34,0.31,0,2014,2,14
775,2/15/2014,6.1,19,0.33,0,2014,2,15
776,2/16/2014,10,34,0.02,1.18,2014,2,16
777,2/17/2014,33.1,48,0,0.2,2014,2,17
778,2/18/2014,21,52,0.22,0,2014,2,18
779,2/19/2014,17.1,33.1,0.25,0.31,2014,2,19
780,2/20/2014,21.9,32,0.08,1.5,2014,2,20
781,2/21/2014,16,23,0.22,2.91,2014,2,21
782,2/22/2014,15.1,30,0,0,2014,2,22
783,2/23/2014,28,46.9,0,T,2014,2,23
784,2/24/2014,42.1,55.9,0,0,2014,2,24
785,2/25/2014,36,43,0,0,2014,2,25
786,2/26/2014,30.9,41,0,0.2,2014,2,26
787,2/27/2014,37,46,0.02,0,2014,2,27
788,2/28/2014,37.9,46,0,0,2014,2,28
789,3/1/2014,39,52,0,0,2014,3,1
790,3/2/2014,34,50,,0,2014,3,2
791,3/3/2014,14,35.1,0,0,2014,3,3
792,3/4/2014,10,28,0,0,2014,3,4
793,3/5/2014,25,39,,0,2014,3,5
794,3/6/2014,28,48,0,T,2014,3,6
795,3/7/2014,30,60.1,0,0,2014,3,7
796,3/8/2014,30,45,0,0,2014,3,8
797,3/9/2014,25,39.9,0,0,2014,3,9
798,3/10/2014,30,46.9,0.03,0.51,2014,3,10
799,3/11/2014,30,37.9,0,0,2014,3,11
800,3/12/2014,33.1,42.1,0.43,0,2014,3,12
801,3/13/2014,30.9,54,0.06,0,2014,3,13
802,3/14/2014,19,34,0,0,2014,3,14
803,3/15/2014,6.1,19,0.01,0,2014,3,15
804,3/16/2014,10,34,0,1.18,2014,3,16
805,3/17/2014,33.1,48,0,0.2,2014,3,17
806,3/18/2014,21,52,0,0,2014,3,18
807,3/19/2014,17.1,33.1,,0.31,2014,3,19
808,3/20/2014,21.9,32,0.29,1.5,2014,3,20
809,3/21/2014,16,23,0,2.91,2014,3,21
810,3/22/2014,15.1,30,,0,2014,3,22
811,3/23/2014,28,46.9,0,T,2014,3,23
812,3/24/2014,42.1,55.9,0,0,2014,3,24
813,3/25/2014,36,43,0,0,2014,3,25
814,3/26/2014,30.9,41,,0.2,2014,3,26
815,3/27/2014,37,46,0,0,2014,3,27
816,3/28/2014,37.9,46,0.02,0,2014,3,28
817,3/29/2014,34,43,0.97,0,2014,3,29
818,3/30/2014,30.9,39.9,2.23,T,2014,3,30
819,3/31/2014,30,46.9,0.44,0,2014,3,31
820,4/1/2014,39,52,0,0,2014,4,1
821,4/2/2014,34,50,0,0,2014,4,2
822,4/3/2014,14,35.1,0,0,2014,4,3
823,4/4/2014,10,28,0.26,0,2014,4,4
824,4/5/2014,25,39,0.23,0,2014,4,5
825,4/6/2014,28,48,0,T,2014,4,6
826,4/7/2014,30,60.1,0.04,0,2014,4,7
827,4/8/2014,30,45,0.67,0,2014,4,8
828,4/9/2014,25,39.9,0,0,2014,4,9
829,4/10/2014,30,46.9,0,0.51,2014,4,10
830,4/11/2014,30,37.9,,0,2014,4,11
831,4/12/2014,33.1,42.1,0.04,0,2014,4,12
832,4/13/2014,30.9,54,0.04,0,2014,4,13
833,4/14/2014,19,34,0,0,2014,4,14
834,4/15/2014,6.1,19,0.62,0,2014,4,15
835,4/16/2014,10,34,0.36,1.18,2014,4,16
836,4/17/2014,33.1,48,0,0.2,2014,4,17
837,4/18/2014,21,52,0,0,2014,4,18
838,4/19/2014,17.1,33.1,0,0.31,2014,4,19
839,4/20/2014,21.9,32,0,1.5,2014,4,20
840,4/21/2014,16,23,0,2.91,2014,4,21
841,4/22/2014,15.1,30,0.05,0,2014,4,22
842,4/23/2014,28,46.9,0.23,T,2014,4,23
843,4/24/2014,42.1,55.9,0,0,2014,4,24
844,4/25/2014,36,43,0,0,2014,4,25
845,4/26/2014,30.9,41,0.2,0.2,2014,4,26
846,4/27/2014,37,46,0.15,0,2014,4,27
847,4/28/2014,37.9,46,,0,2014,4,28
848,4/29/2014,34,43,,0,2014,4,29
849,4/30/2014,30.9,39.9,0.35,T,2014,4,30
850,5/1/2014,39,52,0.62,0,2014,5,1
851,5/2/2014,34,50,0.01,0,2014,5,2
852,5/3/2014,14,35.1,0,0,2014,5,3
853,5/4/2014,10,28,,0,2014,5,4
854,5/5/2014,25,39,0,0,2014,5,5
855,5/6/2014,28,48,0,T,2014,5,6
856,5/7/2014,30,60.1,0,0,2014,5,7
857,5/8/2014,30,45,0,0,2014,5,8
858,5/9/2014,25,39.9,,0,2014,5,9
859,5/10/2014,30,46.9,0.34,0.51,2014,5,10
860,5/11/2014,30,37.9,,0,2014,5,11
861,5/12/2014,33.1,42.1,0,0,2014,5,12
862,5/13/2014,30.9,54,0,0,2014,5,13
863,5/14/2014,19,34,,0,2014,5,14
864,5/15/2014,6.1,19,,0,2014,5,15
865,5/16/2014,10,34,0.06,1.18,2014,5,16
866,5/17/2014,33.1,48,0.65,0.2,2014,5,17
867,5/18/2014,21,52,0,0,2014,5,18
868,5/19/2014,17.1,33.1,0.05,0.31,2014,5,19
869,5/20/2014,21.9,32,,1.5,2014,5,20
870,5/21/2014,16,23,0,2.91,2014,5,21
871,5/22/2014,15.1,30,0.25,0,2014,5,22
872,5/23/2014,28,46.9,0.02,T,2014,5,23
873,5/24/2014,42.1,55.9,0.18,0,2014,5,24
874,5/25/2014,36,43,0,0,2014,5,25
875,5/26/2014,30.9,41,0.01,0.2,2014,5,26
876,5/27/2014,37,46,0.48,0,2014,5,27
877,5/28/2014,37.9,46,0.08,0,2014,5,28
878,5/29/2014,34,43,0,0,2014,5,29
879,5/30/2014,30.9,39.9,0.11,T,2014,5,30
880,5/31/2014,30,46.9,,0,2014,5,31
881,6/1/2014,39,52,0,0,2014,6,1
882,6/2/2014,34,50,0,0,2014,6,2
883,6/3/2014,14,35.1,0,0,2014,6,3
884,6/4/2014,10,28,0.14,0,2014,6,4
885,6/5/2014,25,39,0.78,0,2014,6,5
886,6/6/2014,28,48,0,T,2014,6,6
887,6/7/2014,30,60.1,0,0,2014,6,7
888,6/8/2014,30,45,0,0,2014,6,8
889,6/9/2014,25,39.9,,0,2014,6,9
890,6/10/2014,30,46.9,0.85,0.51,2014,6,10
891,6/11/2014,30,37.9,,0,2014,6,11
892,6/12/2014,33.1,42.1,,0,2014,6,12
893,6/13/2014,30.9,54,0.54,0,2014,6,13
894,6/14/2014,19,34,0.01,0,2014,6,14
895,6/15/2014,6.1,19,0,0,2014,6,15
896,6/16/2014,10,34,0,1.18,2014,6,16
897,6/17/2014,33.1,48,0.02,0.2,2014,6,17
898,6/18/2014,21,52,,0,2014,6,18
899,6/19/2014,17.1,33.1,0,0.31,2014,6,19
900,6/20/2014,21.9,32,0,1.5,2014,6,20
901,6/21/2014,16,23,0,2.91,2014,6,21
902,6/22/2014,15.1,30,0,0,2014,6,22
903,6/23/2014,28,46.9,0,T,2014,6,23
904,6/24/2014,42.1,55.9,0,0,2014,6,24
905,6/25/2014,36,43,0,0,2014,6,25
906,6/26/2014,30.9,41,0.28,0.2,2014,6,26
907,6/27/2014,37,46,0,0,2014,6,27
908,6/28/2014,37.9,46,0,0,2014,6,28
909,6/29/2014,34,43,0,0,2014,6,29
910,6/30/2014,30.9,39.9,0,T,2014,6,30
911,7/1/2014,39,52,0,0,2014,7,1
912,7/2/2014,34,50,,0,2014,7,2
913,7/3/2014,14,35.1,0.28,0,2014,7,3
914,7/4/2014,10,28,1.88,0,2014,7,4
915,7/5/2014,25,39,0.35,0,2014,7,5
916,7/6/2014,28,48,0,T,2014,7,6
917,7/7/2014,30,60.1,0.08,0,2014,7,7
918,7/8/2014,30,45,,0,2014,7,8
919,7/9/2014,25,39.9,0,0,2014,7,9
920,7/10/2014,30,46.9,0,0.51,2014,7,10
921,7/11/2014,30,37.9,0,0,2014,7,11
922,7/12/2014,33.1,42.1,0,0,2014,7,12
923,7/13/2014,30.9,54,,0,2014,7,13
924,7/14/2014,19,34,0.67,0,2014,7,14
925,7/15/2014,6.1,19,,0,2014,7,15
926,7/16/2014,10,34,0.85,1.18,2014,7,16
927,7/17/2014,33.1,48,0,0.2,2014,7,17
928,7/18/2014,21,52,0,0,2014,7,18
929,7/19/2014,17.1,33.1,0,0.31,2014,7,19
930,7/20/2014,21.9,32,,1.5,2014,7,20
931,7/21/2014,16,23,0,2.91,2014,7,21
932,7/22/2014,15.1,30,0,0,2014,7,22
933,7/23/2014,28,46.9,0,T,2014,7,23
934,7/24/2014,42.1,55.9,,0,2014,7,24
935,7/25/2014,36,43,0,0,2014,7,25
936,7/26/2014,30.9,41,0,0.2,2014,7,26
937,7/27/2014,37,46,0.35,0,2014,7,27
938,7/28/2014,37.9,46,0.11,0,2014,7,28
939,7/29/2014,34,43,0,0,2014,7,29
940,7/30/2014,30.9,39.9,0,T,2014,7,30
941,7/31/2014,30,46.9,0,0,2014,7,31
942,8/1/2014,39,52,0,0,2014,8,1
943,8/2/2014,34,50,0.03,0,2014,8,2
944,8/3/2014,14,35.1,,0,2014,8,3
945,8/4/2014,10,28,,0,2014,8,4
946,8/5/2014,25,39,0,0,2014,8,5
947,8/6/2014,28,48,0.01,T,2014,8,6
948,8/7/2014,30,60.1,0.01,0,2014,8,7
949,8/8/2014,30,45,0,0,2014,8,8
950,8/9/2014,25,39.9,0,0,2014,8,9
951,8/10/2014,30,46.9,0,0.51,2014,8,10
952,8/11/2014,30,37.9,0,0,2014,8,11
953,8/12/2014,33.1,42.1,0,0,2014,8,12
954,8/13/2014,30.9,54,1.06,0,2014,8,13
955,8/14/2014,19,34,0,0,2014,8,14
956,8/15/2014,6.1,19,,0,2014,8,15
957,8/16/2014,10,34,0,1.18,2014,8,16
958,8/17/2014,33.1,48,,0.2,2014,8,17
959,8/18/2014,21,52,0,0,2014,8,18
960,8/19/2014,17.1,33.1,0,0.31,2014,8,19
961,8/20/2014,21.9,32,0,1.5,2014,8,20
962,8/21/2014,16,23,0,2.91,2014,8,21
963,8/22/2014,15.1,30,0.08,0,2014,8,22
964,8/23/2014,28,46.9,0,T,2014,8,23
965,8/24/2014,42.1,55.9,0,0,2014,8,24
966,8/25/2014,36,43,0,0,2014,8,25
967,8/26/2014,30.9,41,0,0.2,2014,8,26
968,8/27/2014,37,46,0.02,0,2014,8,27
969,8/28/2014,37.9,46,0,0,2014,8,28
970,8/29/2014,34,43,0,0,2014,8,29
971,8/30/2014,30.9,39.9,0,T,2014,8,30
972,8/31/2014,30,46.9,0.54,0,2014,8,31
973,9/1/2014,39,52,0,0,2014,9,1
974,9/2/2014,34,50,0.01,0,2014,9,2
975,9/3/2014,14,35.1,0,0,2014,9,3
976,9/4/2014,10,28,0,0,2014,9,4
977,9/5/2014,25,39,0,0,2014,9,5
978,9/6/2014,28,48,0.22,T,2014,9,6
979,9/7/2014,30,60.1,0.15,0,2014,9,7
980,9/8/2014,30,45,0,0,2014,9,8
981,9/9/2014,25,39.9,0,0,2014,9,9
982,9/10/2014,30,46.9,0,0.51,2014,9,10
983,9/11/2014,30,37.9,0,0,2014,9,11
984,9/12/2014,33.1,42.1,0,0,2014,9,12
985,9/13/2014,30.9,54,0.13,0,2014,9,13
986,9/14/2014,19,34,0,0,2014,9,14
987,9/15/2014,6.1,19,0,0,2014,9,15
988,9/16/2014,10,34,,1.18,2014,9,16
989,9/17/2014,33.1,48,0,0.2,2014,9,17
990,9/18/2014,21,52,0,0,2014,9,18
991,9/19/2014,17.1,33.1,0,0.31,2014,9,19
992,9/20/2014,21.9,32,0,1.5,2014,9,20
993,9/21/2014,16,23,0.01,2.91,2014,9,21
994,9/22/2014,15.1,30,0,0,2014,9,22
995,9/23/2014,28,46.9,0,T,2014,9,23
996,9/24/2014,42.1,55.9,0,0,2014,9,24
997,9/25/2014,36,43,0,0,2014,9,25
998,9/26/2014,30.9,41,0,0.2,2014,9,26
999,9/27/2014,37,46,0,0,2014,9,27
1000,9/28/2014,37.9,46,0,0,2014,9,28
1001,9/29/2014,34,43,,0,2014,9,29
1002,9/30/2014,30.9,39.9,0.18,T,2014,9,30
1003,10/1/2014,39,52,1.16,0,2014,10,1
1004,10/2/2014,34,50,0.16,0,2014,10,2
1005,10/3/2014,14,35.1,0.01,0,2014,10,3
1006,10/4/2014,10,28,0.35,0,2014,10,4
1007,10/5/2014,25,39,0,0,2014,10,5
1008,10/6/2014,28,48,0,T,2014,10,6
1009,10/7/2014,30,60.1,0.01,0,2014,10,7
1010,10/8/2014,30,45,0.01,0,2014,10,8
1011,10/9/2014,25,39.9,0,0,2014,10,9
1012,10/10/2014,30,46.9,0,0.51,2014,10,10
1013,10/11/2014,30,37.9,0.31,0,2014,10,11
1014,10/12/2014,33.1,42.1,0,0,2014,10,12
1015,10/13/2014,30.9,54,0,0,2014,10,13
1016,10/14/2014,19,34,0,0,2014,10,14
1017,10/15/2014,6.1,19,0,0,2014,10,15
1018,10/16/2014,10,34,0.63,1.18,2014,10,16
1019,10/17/2014,33.1,48,0,0.2,2014,10,17
1020,10/18/2014,21,52,,0,2014,10,18
1021,10/19/2014,17.1,33.1,0,0.31,2014,10,19
1022,10/20/2014,21.9,32,0,1.5,2014,10,20
1023,10/21/2014,16,23,,2.91,2014,10,21
1024,10/22/2014,15.1,30,0.87,0,2014,10,22
1025,10/23/2014,28,46.9,2.25,T,2014,10,23
1026,10/24/2014,42.1,55.9,0.05,0,2014,10,24
1027,10/25/2014,36,43,0,0,2014,10,25
1028,10/26/2014,30.9,41,,0.2,2014,10,26
1029,10/27/2014,37,46,0,0,2014,10,27
1030,10/28/2014,37.9,46,0,0,2014,10,28
1031,10/29/2014,34,43,0.02,0,2014,10,29
1032,10/30/2014,30.9,39.9,0,T,2014,10,30
1033,10/31/2014,30,46.9,0,0,2014,10,31
1034,11/1/2014,39,52,0.59,0,2014,11,1
1035,11/2/2014,34,50,0.31,0,2014,11,2
1036,11/3/2014,14,35.1,0,0,2014,11,3
1037,11/4/2014,10,28,0,0,2014,11,4
1038,11/5/2014,25,39,0,0,2014,11,5
1039,11/6/2014,28,48,0.59,T,2014,11,6
1040,11/7/2014,30,60.1,,0,2014,11,7
1041,11/8/2014,30,45,0,0,2014,11,8
1042,11/9/2014,25,39.9,0,0,2014,11,9
1043,11/10/2014,30,46.9,0,0.51,2014,11,10
1044,11/11/2014,30,37.9,0,0,2014,11,11
1045,11/12/2014,33.1,42.1,0,0,2014,11,12
1046,11/13/2014,30.9,54,0.06,0,2014,11,13
1047,11/14/2014,19,34,0.23,0,2014,11,14
1048,11/15/2014,6.1,19,0,0,2014,11,15
1049,11/16/2014,10,34,,1.18,2014,11,16
1050,11/17/2014,33.1,48,1.64,0.2,2014,11,17
1051,11/18/2014,21,52,0,0,2014,11,18
1052,11/19/2014,17.1,33.1,0,0.31,2014,11,19
1053,11/20/2014,21.9,32,0,1.5,2014,11,20
1054,11/21/2014,16,23,0,2.91,2014,11,21
1055,11/22/2014,15.1,30,0,0,2014,11,22
1056,11/23/2014,28,46.9,,T,2014,11,23
1057,11/24/2014,42.1,55.9,0.28,0,2014,11,24
1058,11/25/2014,36,43,0,0,2014,11,25
1059,11/26/2014,30.9,41,1.44,0.2,2014,11,26
1060,11/27/2014,37,46,0.02,0,2014,11,27
1061,11/28/2014,37.9,46,0.11,0,2014,11,28
1062,11/29/2014,34,43,0,0,2014,11,29
1063,11/30/2014,30.9,39.9,0,T,2014,11,30
1064,12/1/2014,39,52,0.01,0,2014,12,1
1065,12/2/2014,34,50,0.1,0,2014,12,2
1066,12/3/2014,14,35.1,0.44,0,2014,12,3
1067,12/4/2014,10,28,0,0,2014,12,4
1068,12/5/2014,25,39,0.11,0,2014,12,5
1069,12/6/2014,28,48,1.09,T,2014,12,6
1070,12/7/2014,30,60.1,0.13,0,2014,12,7
1071,12/8/2014,30,45,0.03,0,2014,12,8
1072,12/9/2014,25,39.9,2.9,0,2014,12,9
1073,12/10/2014,30,46.9,0.28,0.51,2014,12,10
1074,12/11/2014,30,37.9,0.02,0,2014,12,11
1075,12/12/2014,33.1,42.1,,0,2014,12,12
1076,12/13/2014,30.9,54,,0,2014,12,13
1077,12/14/2014,19,34,0,0,2014,12,14
1078,12/15/2014,6.1,19,0,0,2014,12,15
1079,12/16/2014,10,34,,1.18,2014,12,16
1080,12/17/2014,33.1,48,0.43,0.2,2014,12,17
1081,12/18/2014,21,52,0.01,0,2014,12,18
1082,12/19/2014,17.1,33.1,0,0.31,2014,12,19
1083,12/20/2014,21.9,32,,1.5,2014,12,20
1084,12/21/2014,16,23,,2.91,2014,12,21
1085,12/22/2014,15.1,30,0.05,0,2014,12,22
1086,12/23/2014,28,46.9,0.25,T,2014,12,23
1087,12/24/2014,42.1,55.9,0.56,0,2014,12,24
1088,12/25/2014,36,43,0.14,0,2014,12,25
1089,12/26/2014,30.9,41,0,0.2,2014,12,26
1090,12/27/2014,37,46,0,0,2014,12,27
1091,12/28/2014,37.9,46,0.01,0,2014,12,28
1092,12/29/2014,34,43,0,0,2014,12,29
1093,12/30/2014,30.9,39.9,0,T,2014,12,30
1094,12/31/2014,30,46.9,0,0,2014,12,31
1095,1/1/2015,39,52,0,0,2015,1,1
1096,1/2/2015,34,50,0,0,2015,1,2
1097,1/3/2015,14,35.1,0.62,0,2015,1,3
1098,1/4/2015,10,28,0.57,0,2015,1,4
1099,1/5/2015,25,39,0,0,2015,1,5
1100,1/6/2015,28,48,0.02,T,2015,1,6
1101,1/7/2015,30,60.1,,0,2015,1,7
1102,1/8/2015,30,45,0,0,2015,1,8
1103,1/9/2015,25,39.9,0.01,0,2015,1,9
1104,1/10/2015,30,46.9,0,0.51,2015,1,10
1105,1/11/2015,30,37.9,0,0,2015,1,11
1106,1/12/2015,33.1,42.1,0.2,0,2015,1,12
1107,1/13/2015,30.9,54,0,0,2015,1,13
1108,1/14/2015,19,34,,0,2015,1,14
1109,1/15/2015,6.1,19,0.12,0,2015,1,15
1110,1/16/2015,10,34,0,1.18,2015,1,16
1111,1/17/2015,33.1,48,0,0.2,2015,1,17
1112,1/18/2015,21,52,0.15,0,2015,1,18
1113,1/19/2015,17.1,33.1,0,0.31,2015,1,19
1114,1/20/2015,21.9,32,0,1.5,2015,1,20
1115,1/21/2015,16,23,0,2.91,2015,1,21
1116,1/22/2015,15.1,30,,0,2015,1,22
1117,1/23/2015,28,46.9,0,T,2015,1,23
1118,1/24/2015,42.1,55.9,0.71,0,2015,1,24
1119,1/25/2015,36,43,0,0,2015,1,25
1120,1/26/2015,30.9,41,0.1,0.2,2015,1,26
1121,1/27/2015,37,46,0.95,0,2015,1,27
1122,1/28/2015,37.9,46,0.01,0,2015,1,28
1123,1/29/2015,34,43,,0,2015,1,29
1124,1/30/2015,30.9,39.9,0.06,T,2015,1,30
1125,1/31/2015,30,46.9,0.05,0,2015,1,31
1126,2/1/2015,39,52,0,0,2015,2,1
1127,2/2/2015,34,50,0.78,0,2015,2,2
1128,2/3/2015,14,35.1,0,0,2015,2,3
1129,2/4/2015,10,28,0.01,0,2015,2,4
1130,2/5/2015,25,39,0.09,0,2015,2,5
1131,2/6/2015,28,48,,T,2015,2,6
1132,2/7/2015,30,60.1,0.07,0,2015,2,7
1133,2/8/2015,30,45,0.37,0,2015,2,8
1134,2/9/2015,25,39.9,0.88,0,2015,2,9
1135,2/10/2015,30,46.9,0.05,0.51,2015,2,10
1136,2/11/2015,30,37.9,0.01,0,2015,2,11
1137,2/12/2015,33.1,42.1,0.03,0,2015,2,12
1138,2/13/2015,30.9,54,0,0,2015,2,13
1139,2/14/2015,19,34,0.23,0,2015,2,14
1140,2/15/2015,6.1,19,0.39,0,2015,2,15
1141,2/16/2015,10,34,0,1.18,2015,2,16
1142,2/17/2015,33.1,48,0.02,0.2,2015,2,17
1143,2/18/2015,21,52,0.01,0,2015,2,18
1144,2/19/2015,17.1,33.1,0.06,0.31,2015,2,19
1145,2/20/2015,21.9,32,0,1.5,2015,2,20
1146,2/21/2015,16,23,0.17,2.91,2015,2,21
1147,2/22/2015,15.1,30,0.11,0,2015,2,22
1148,2/23/2015,28,46.9,0,T,2015,2,23
1149,2/24/2015,42.1,55.9,,0,2015,2,24
1150,2/25/2015,36,43,0.07,0,2015,2,25
1151,2/26/2015,30.9,41,0.02,0.2,2015,2,26
1152,2/27/2015,37,46,0,0,2015,2,27
1153,2/28/2015,37.9,46,0,0,2015,2,28
1154,3/1/2015,39,52,0.17,0,2015,3,1
1155,3/2/2015,34,50,0.01,0,2015,3,2
1156,3/3/2015,14,35.1,0.26,0,2015,3,3
1157,3/4/2015,10,28,0.02,0,2015,3,4
1158,3/5/2015,25,39,,0,2015,3,5
1159,3/6/2015,28,48,0,T,2015,3,6
1160,3/7/2015,30,60.1,0,0,2015,3,7
1161,3/8/2015,30,45,,0,2015,3,8
1162,3/9/2015,25,39.9,0,0,2015,3,9
1163,3/10/2015,30,46.9,0.06,0.51,2015,3,10
1164,3/11/2015,30,37.9,0.01,0,2015,3,11
1165,3/12/2015,33.1,42.1,0,0,2015,3,12
1166,3/13/2015,30.9,54,0,0,2015,3,13
1167,3/14/2015,19,34,0.8,0,2015,3,14
1168,3/15/2015,6.1,19,0.27,0,2015,3,15
1169,3/16/2015,10,34,0,1.18,2015,3,16
1170,3/17/2015,33.1,48,0.14,0.2,2015,3,17
1171,3/18/2015,21,52,0,0,2015,3,18
1172,3/19/2015,17.1,33.1,0,0.31,2015,3,19
1173,3/20/2015,21.9,32,0.05,1.5,2015,3,20
1174,3/21/2015,16,23,0.09,2.91,2015,3,21
1175,3/22/2015,15.1,30,0,0,2015,3,22
1176,3/23/2015,28,46.9,0,T,2015,3,23
1177,3/24/2015,42.1,55.9,0,0,2015,3,24
1178,3/25/2015,36,43,0.04,0,2015,3,25
1179,3/26/2015,30.9,41,0.8,0.2,2015,3,26
1180,3/27/2015,37,46,0.21,0,2015,3,27
1181,3/28/2015,37.9,46,0.12,0,2015,3,28
1182,3/29/2015,34,43,0,0,2015,3,29
1183,3/30/2015,30.9,39.9,,T,2015,3,30
1184,3/31/2015,30,46.9,0,0,2015,3,31
1185,4/1/2015,39,52,0,0,2015,4,1
1186,4/2/2015,34,50,0,0,2015,4,2
1187,4/3/2015,14,35.1,0.03,0,2015,4,3
1188,4/4/2015,10,28,0.39,0,2015,4,4
1189,4/5/2015,25,39,0,0,2015,4,5
1190,4/6/2015,28,48,0,T,2015,4,6
1191,4/7/2015,30,60.1,0.03,0,2015,4,7
1192,4/8/2015,30,45,0.26,0,2015,4,8
1193,4/9/2015,25,39.9,0.09,0,2015,4,9
1194,4/10/2015,30,46.9,0.09,0.51,2015,4,10
1195,4/11/2015,30,37.9,0,0,2015,4,11
1196,4/12/2015,33.1,42.1,0,0,2015,4,12
1197,4/13/2015,30.9,54,0,0,2015,4,13
1198,4/14/2015,19,34,0.01,0,2015,4,14
1199,4/15/2015,6.1,19,0,0,2015,4,15
1200,4/16/2015,10,34,0,1.18,2015,4,16
1201,4/17/2015,33.1,48,0.06,0.2,2015,4,17
1202,4/18/2015,21,52,0,0,2015,4,18
1203,4/19/2015,17.1,33.1,0,0.31,2015,4,19
1204,4/20/2015,21.9,32,0.61,1.5,2015,4,20
1205,4/21/2015,16,23,0.54,2.91,2015,4,21
1206,4/22/2015,15.1,30,,0,2015,4,22
1207,4/23/2015,28,46.9,0,T,2015,4,23
1208,4/24/2015,42.1,55.9,,0,2015,4,24
1209,4/25/2015,36,43,0,0,2015,4,25
1210,4/26/2015,30.9,41,0,0.2,2015,4,26
1211,4/27/2015,37,46,0.1,0,2015,4,27
1212,4/28/2015,37.9,46,0.07,0,2015,4,28
1213,4/29/2015,34,43,0,0,2015,4,29
1214,4/30/2015,30.9,39.9,0,T,2015,4,30
1215,5/1/2015,39,52,0,0,2015,5,1
1216,5/2/2015,34,50,0,0,2015,5,2
1217,5/3/2015,14,35.1,0,0,2015,5,3
1218,5/4/2015,10,28,0,0,2015,5,4
1219,5/5/2015,25,39,0.02,0,2015,5,5
1220,5/6/2015,28,48,0,T,2015,5,6
1221,5/7/2015,30,60.1,0,0,2015,5,7
1222,5/8/2015,30,45,0,0,2015,5,8
1223,5/9/2015,25,39.9,0,0,2015,5,9
1224,5/10/2015,30,46.9,0,0.51,2015,5,10
1225,5/11/2015,30,37.9,0,0,2015,5,11
1226,5/12/2015,33.1,42.1,0.02,0,2015,5,12
1227,5/13/2015,30.9,54,0,0,2015,5,13
1228,5/14/2015,19,34,0,0,2015,5,14
1229,5/15/2015,6.1,19,0,0,2015,5,15
1230,5/16/2015,10,34,,1.18,2015,5,16
1231,5/17/2015,33.1,48,0,0.2,2015,5,17
1232,5/18/2015,21,52,0,0,2015,5,18
1233,5/19/2015,17.1,33.1,0.27,0.31,2015,5,19
1234,5/20/2015,21.9,32,0,1.5,2015,5,20
1235,5/21/2015,16,23,0,2.91,2015,5,21
1236,5/22/2015,15.1,30,,0,2015,5,22
1237,5/23/2015,28,46.9,0,T,2015,5,23
1238,5/24/2015,42.1,55.9,0,0,2015,5,24
1239,5/25/2015,36,43,,0,2015,5,25
1240,5/26/2015,30.9,41,0,0.2,2015,5,26
1241,5/27/2015,37,46,0,0,2015,5,27
1242,5/28/2015,37.9,46,,0,2015,5,28
1243,5/29/2015,34,43,0,0,2015,5,29
1244,5/30/2015,30.9,39.9,0,T,2015,5,30
1245,5/31/2015,30,46.9,0.91,0,2015,5,31
1246,6/1/2015,39,52,0.38,0,2015,6,1
1247,6/2/2015,34,50,0.74,0,2015,6,2
1248,6/3/2015,14,35.1,0,0,2015,6,3
1249,6/4/2015,10,28,0,0,2015,6,4
1250,6/5/2015,25,39,,0,2015,6,5
1251,6/6/2015,28,48,0.09,T,2015,6,6
1252,6/7/2015,30,60.1,0,0,2015,6,7
1253,6/8/2015,30,45,,0,2015,6,8
1254,6/9/2015,25,39.9,,0,2015,6,9
1255,6/10/2015,30,46.9,0,0.51,2015,6,10
1256,6/11/2015,30,37.9,0,0,2015,6,11
1257,6/12/2015,33.1,42.1,0,0,2015,6,12
1258,6/13/2015,30.9,54,,0,2015,6,13
1259,6/14/2015,19,34,0,0,2015,6,14
1260,6/15/2015,6.1,19,0.4,0,2015,6,15
1261,6/16/2015,10,34,,1.18,2015,6,16
1262,6/17/2015,33.1,48,0,0.2,2015,6,17
1263,6/18/2015,21,52,0,0,2015,6,18
1264,6/19/2015,17.1,33.1,0,0.31,2015,6,19
1265,6/20/2015,21.9,32,0.04,1.5,2015,6,20
1266,6/21/2015,16,23,1.72,2.91,2015,6,21
1267,6/22/2015,15.1,30,0,0,2015,6,22
1268,6/23/2015,28,46.9,0.01,T,2015,6,23
1269,6/24/2015,42.1,55.9,0,0,2015,6,24
1270,6/25/2015,36,43,0,0,2015,6,25
1271,6/26/2015,30.9,41,,0.2,2015,6,26
1272,6/27/2015,37,46,0.2,0,2015,6,27
1273,6/28/2015,37.9,46,1.43,0,2015,6,28
1274,6/29/2015,34,43,,0,2015,6,29
1275,6/30/2015,30.9,39.9,0,T,2015,6,30
1276,7/1/2015,39,52,0.54,0,2015,7,1
1277,7/2/2015,34,50,0,0,2015,7,2
1278,7/3/2015,14,35.1,0,0,2015,7,3
1279,7/4/2015,10,28,,0,2015,7,4
1280,7/5/2015,25,39,0,0,2015,7,5
1281,7/6/2015,28,48,0,T,2015,7,6
1282,7/7/2015,30,60.1,0.02,0,2015,7,7
1283,7/8/2015,30,45,,0,2015,7,8
1284,7/9/2015,25,39.9,0.15,0,2015,7,9
1285,7/10/2015,30,46.9,1.12,0.51,2015,7,10
1286,7/11/2015,30,37.9,0,0,2015,7,11
1287,7/12/2015,33.1,42.1,0,0,2015,7,12
1288,7/13/2015,30.9,54,0,0,2015,7,13
1289,7/14/2015,19,34,0.03,0,2015,7,14
1290,7/15/2015,6.1,19,,0,2015,7,15
1291,7/16/2015,10,34,0,1.18,2015,7,16
1292,7/17/2015,33.1,48,,0.2,2015,7,17
1293,7/18/2015,21,52,0.14,0,2015,7,18
1294,7/19/2015,17.1,33.1,,0.31,2015,7,19
1295,7/20/2015,21.9,32,,1.5,2015,7,20
1296,7/21/2015,16,23,,2.91,2015,7,21
1297,7/22/2015,15.1,30,0,0,2015,7,22
1298,7/23/2015,28,46.9,0,T,2015,7,23
1299,7/24/2015,42.1,55.9,0.01,0,2015,7,24
1300,7/25/2015,36,43,0,0,2015,7,25
1301,7/26/2015,30.9,41,,0.2,2015,7,26
1302,7/27/2015,37,46,0.06,0,2015,7,27
1303,7/28/2015,37.9,46,0,0,2015,7,28
1304,7/29/2015,34,43,0,0,2015,7,29
1305,7/30/2015,30.9,39.9,0.02,T,2015,7,30
1306,7/31/2015,30,46.9,0,0,2015,7,31
1307,8/1/2015,39,52,,0,2015,8,1
1308,8/2/2015,34,50,0,0,2015,8,2
1309,8/3/2015,14,35.1,0,0,2015,8,3
1310,8/4/2015,10,28,0.49,0,2015,8,4
1311,8/5/2015,25,39,0,0,2015,8,5
1312,8/6/2015,28,48,0,T,2015,8,6
1313,8/7/2015,30,60.1,0,0,2015,8,7
1314,8/8/2015,30,45,0,0,2015,8,8
1315,8/9/2015,25,39.9,0,0,2015,8,9
1316,8/10/2015,30,46.9,0,0.51,2015,8,10
1317,8/11/2015,30,37.9,0.83,0,2015,8,11
1318,8/12/2015,33.1,42.1,0,0,2015,8,12
1319,8/13/2015,30.9,54,0,0,2015,8,13
1320,8/14/2015,19,34,0,0,2015,8,14
1321,8/15/2015,6.1,19,0.08,0,2015,8,15
1322,8/16/2015,10,34,0,1.18,2015,8,16
1323,8/17/2015,33.1,48,0,0.2,2015,8,17
1324,8/18/2015,21,52,0.14,0,2015,8,18
1325,8/19/2015,17.1,33.1,0,0.31,2015,8,19
1326,8/20/2015,21.9,32,0,1.5,2015,8,20
1327,8/21/2015,16,23,0.63,2.91,2015,8,21
1328,8/22/2015,15.1,30,,0,2015,8,22
1329,8/23/2015,28,46.9,0.02,T,2015,8,23
1330,8/24/2015,42.1,55.9,,0,2015,8,24
1331,8/25/2015,36,43,0,0,2015,8,25
1332,8/26/2015,30.9,41,,0.2,2015,8,26
1333,8/27/2015,37,46,0,0,2015,8,27
1334,8/28/2015,37.9,46,0,0,2015,8,28
1335,8/29/2015,34,43,0,0,2015,8,29
1336,8/30/2015,30.9,39.9,0,T,2015,8,30
1337,8/31/2015,30,46.9,0,0,2015,8,31
1338,9/1/2015,39,52,0,0,2015,9,1
1339,9/2/2015,34,50,0,0,2015,9,2
1340,9/3/2015,14,35.1,0.01,0,2015,9,3
1341,9/4/2015,10,28,,0,2015,9,4
1342,9/5/2015,25,39,0,0,2015,9,5
1343,9/6/2015,28,48,0,T,2015,9,6
1344,9/7/2015,30,60.1,0,0,2015,9,7
1345,9/8/2015,30,45,0.2,0,2015,9,8
1346,9/9/2015,25,39.9,0,0,2015,9,9
1347,9/10/2015,30,46.9,0.17,0.51,2015,9,10
1348,9/11/2015,30,37.9,0.66,0,2015,9,11
1349,9/12/2015,33.1,42.1,0.01,0,2015,9,12
1350,9/13/2015,30.9,54,0.38,0,2015,9,13
1351,9/14/2015,19,34,0,0,2015,9,14
1352,9/15/2015,6.1,19,0,0,2015,9,15
1353,9/16/2015,10,34,0,1.18,2015,9,16
1354,9/17/2015,33.1,48,0,0.2,2015,9,17
1355,9/18/2015,21,52,0,0,2015,9,18
1356,9/19/2015,17.1,33.1,0,0.31,2015,9,19
1357,9/20/2015,21.9,32,,1.5,2015,9,20
1358,9/21/2015,16,23,0,2.91,2015,9,21
1359,9/22/2015,15.1,30,0,0,2015,9,22
1360,9/23/2015,28,46.9,0,T,2015,9,23
1361,9/24/2015,42.1,55.9,0,0,2015,9,24
1362,9/25/2015,36,43,0,0,2015,9,25
1363,9/26/2015,30.9,41,0,0.2,2015,9,26
1364,9/27/2015,37,46,0,0,2015,9,27
1365,9/28/2015,37.9,46,0,0,2015,9,28
1366,9/29/2015,34,43,0.04,0,2015,9,29
1367,9/30/2015,30.9,39.9,2.46,T,2015,9,30
1368,10/1/2015,39,52,,0,2015,10,1
1369,10/2/2015,34,50,0.08,0,2015,10,2
1370,10/3/2015,14,35.1,0.01,0,2015,10,3
1371,10/4/2015,10,28,0,0,2015,10,4
1372,10/5/2015,25,39,0,0,2015,10,5
1373,10/6/2015,28,48,0,T,2015,10,6
1374,10/7/2015,30,60.1,0,0,2015,10,7
1375,10/8/2015,30,45,0,0,2015,10,8
1376,10/9/2015,25,39.9,0.34,0,2015,10,9
1377,10/10/2015,30,46.9,0,0.51,2015,10,10
1378,10/11/2015,30,37.9,0,0,2015,10,11
1379,10/12/2015,33.1,42.1,0,0,2015,10,12
1380,10/13/2015,30.9,54,0.12,0,2015,10,13
1381,10/14/2015,19,34,0,0,2015,10,14
1382,10/15/2015,6.1,19,0,0,2015,10,15
1383,10/16/2015,10,34,,1.18,2015,10,16
1384,10/17/2015,33.1,48,,0.2,2015,10,17
1385,10/18/2015,21,52,0,0,2015,10,18
1386,10/19/2015,17.1,33.1,0,0.31,2015,10,19
1387,10/20/2015,21.9,32,,1.5,2015,10,20
1388,10/21/2015,16,23,0.07,2.91,2015,10,21
1389,10/22/2015,15.1,30,,0,2015,10,22
1390,10/23/2015,28,46.9,0,T,2015,10,23
1391,10/24/2015,42.1,55.9,0,0,2015,10,24
1392,10/25/2015,36,43,0.03,0,2015,10,25
1393,10/26/2015,30.9,41,0,0.2,2015,10,26
1394,10/27/2015,37,46,0,0,2015,10,27
1395,10/28/2015,37.9,46,0.36,0,2015,10,28
1396,10/29/2015,34,43,0.73,0,2015,10,29
1397,10/30/2015,30.9,39.9,0,T,2015,10,30
1398,10/31/2015,30,46.9,0,0,2015,10,31
1399,11/1/2015,39,52,,0,2015,11,1
1400,11/2/2015,34,50,0,0,2015,11,2
1401,11/3/2015,14,35.1,0,0,2015,11,3
1402,11/4/2015,10,28,0,0,2015,11,4
1403,11/5/2015,25,39,0,0,2015,11,5
1404,11/6/2015,28,48,0,T,2015,11,6
1405,11/7/2015,30,60.1,0,0,2015,11,7
1406,11/8/2015,30,45,0,0,2015,11,8
1407,11/9/2015,25,39.9,0,0,2015,11,9
1408,11/10/2015,30,46.9,0.07,0.51,2015,11,10
1409,11/11/2015,30,37.9,0.54,0,2015,11,11
1410,11/12/2015,33.1,42.1,0.04,0,2015,11,12
1411,11/13/2015,30.9,54,0.01,0,2015,11,13
1412,11/14/2015,19,34,0,0,2015,11,14
1413,11/15/2015,6.1,19,0,0,2015,11,15
1414,11/16/2015,10,34,0,1.18,2015,11,16
1415,11/17/2015,33.1,48,0,0.2,2015,11,17
1416,11/18/2015,21,52,0,0,2015,11,18
1417,11/19/2015,17.1,33.1,,0.31,2015,11,19
1418,11/20/2015,21.9,32,0.86,1.5,2015,11,20
1419,11/21/2015,16,23,0,2.91,2015,11,21
1420,11/22/2015,15.1,30,0.3,0,2015,11,22
1421,11/23/2015,28,46.9,0.04,T,2015,11,23
1422,11/24/2015,42.1,55.9,0,0,2015,11,24
1423,11/25/2015,36,43,0,0,2015,11,25
1424,11/26/2015,30.9,41,0,0.2,2015,11,26
1425,11/27/2015,37,46,0,0,2015,11,27
1426,11/28/2015,37.9,46,0.21,0,2015,11,28
1427,11/29/2015,34,43,0,0,2015,11,29
1428,11/30/2015,30.9,39.9,0,T,2015,11,30
1429,12/1/2015,39,52,0.14,0,2015,12,1
1430,12/2/2015,34,50,0.32,0,2015,12,2
1431,12/3/2015,14,35.1,,0,2015,12,3
1432,12/4/2015,10,28,0,0,2015,12,4
1433,12/5/2015,25,39,0,0,2015,12,5
1434,12/6/2015,28,48,0,T,2015,12,6
1435,12/7/2015,30,60.1,0,0,2015,12,7
1436,12/8/2015,30,45,,0,2015,12,8
1437,12/9/2015,25,39.9,,0,2015,12,9
1438,12/10/2015,30,46.9,,0.51,2015,12,10
1439,12/11/2015,30,37.9,0,0,2015,12,11
1440,12/12/2015,33.1,42.1,0,0,2015,12,12
1441,12/13/2015,30.9,54,0,0,2015,12,13
1442,12/14/2015,19,34,0.42,0,2015,12,14
1443,12/15/2015,6.1,19,0.19,0,2015,12,15
1444,12/16/2015,10,34,0,1.18,2015,12,16
1445,12/17/2015,33.1,48,0.55,0.2,2015,12,17
1446,12/18/2015,21,52,0.04,0,2015,12,18
1447,12/19/2015,17.1,33.1,0,0.31,2015,12,19
1448,12/20/2015,21.9,32,0,1.5,2015,12,20
1449,12/21/2015,16,23,0,2.91,2015,12,21
1450,12/22/2015,15.1,30,0.23,0,2015,12,22
1451,12/23/2015,28,46.9,0.76,T,2015,12,23
1452,12/24/2015,42.1,55.9,0.24,0,2015,12,24
1453,12/25/2015,36,43,0,0,2015,12,25
1454,12/26/2015,30.9,41,0,0.2,2015,12,26
1455,12/27/2015,37,46,0.26,0,2015,12,27
1456,12/28/2015,37.9,46,,0,2015,12,28
1457,12/29/2015,34,43,1.02,0,2015,12,29
1458,12/30/2015,30.9,39.9,0.03,T,2015,12,30
1459,12/31/2015,30,46.9,0.08,0,2015,12,31
1460,1/1/2016,39,52,0,0,2016,1,1
1461,1/2/2016,34,50,0,0,2016,1,2
1462,1/3/2016,14,35.1,0,0,2016,1,3
1463,1/4/2016,10,28,,0,2016,1,4
1464,1/5/2016,25,39,0,0,2016,1,5
1465,1/6/2016,28,48,0,T,2016,1,6
1466,1/7/2016,30,60.1,0,0,2016,1,7
1467,1/8/2016,30,45,0,0,2016,1,8
1468,1/9/2016,25,39.9,0.01,0,2016,1,9
1469,1/10/2016,30,46.9,1.38,0.51,2016,1,10
1470,1/11/2016,30,37.9,0,0,2016,1,11
1471,1/12/2016,33.1,42.1,0.08,0,2016,1,12
1472,1/13/2016,30.9,54,0,0,2016,1,13
1473,1/14/2016,19,34,,0,2016,1,14
1474,1/15/2016,6.1,19,0,0,2016,1,15
1475,1/16/2016,10,34,1.22,1.18,2016,1,16
1476,1/17/2016,33.1,48,0.1,0.2,2016,1,17
1477,1/18/2016,21,52,0.11,0,2016,1,18
1478,1/19/2016,17.1,33.1,0,0.31,2016,1,19
1479,1/20/2016,21.9,32,0,1.5,2016,1,20
1480,1/21/2016,16,23,0,2.91,2016,1,21
1481,1/22/2016,15.1,30,0,0,2016,1,22
1482,1/23/2016,28,46.9,0.37,T,2016,1,23
1483,1/24/2016,42.1,55.9,,0,2016,1,24
1484,1/25/2016,36,43,0,0,2016,1,25
1485,1/26/2016,30.9,41,0,0.2,2016,1,26
1486,1/27/2016,37,46,0,0,2016,1,27
1487,1/28/2016,37.9,46,0,0,2016,1,28
1488,1/29/2016,34,43,0,0,2016,1,29
1489,1/30/2016,30.9,39.9,0,T,2016,1,30
1490,1/31/2016,30,46.9,0,0,2016,1,31
1491,2/1/2016,39,52,0,0,2016,2,1
1492,2/2/2016,34,50,0,0,2016,2,2
1493,2/3/2016,14,35.1,0.33,0,2016,2,3
1494,2/4/2016,10,28,0.01,0,2016,2,4
1495,2/5/2016,25,39,0.96,0,2016,2,5
1496,2/6/2016,28,48,0,T,2016,2,6
1497,2/7/2016,30,60.1,0,0,2016,2,7
1498,2/8/2016,30,45,0.53,0,2016,2,8
1499,2/9/2016,25,39.9,,0,2016,2,9
1500,2/10/2016,30,46.9,,0.51,2016,2,10
1501,2/11/2016,30,37.9,0.01,0,2016,2,11
1502,2/12/2016,33.1,42.1,0,0,2016,2,12
1503,2/13/2016,30.9,54,0,0,2016,2,13
1504,2/14/2016,19,34,0,0,2016,2,14
1505,2/15/2016,6.1,19,0.26,0,2016,2,15
1506,2/16/2016,10,34,0.66,1.18,2016,2,16
1507,2/17/2016,33.1,48,0,0.2,2016,2,17
1508,2/18/2016,21,52,0,0,2016,2,18
1509,2/19/2016,17.1,33.1,,0.31,2016,2,19
1510,2/20/2016,21.9,32,0.01,1.5,2016,2,20
1511,2/21/2016,16,23,0,2.91,2016,2,21
1512,2/22/2016,15.1,30,0,0,2016,2,22
1513,2/23/2016,28,46.9,,T,2016,2,23
1514,2/24/2016,42.1,55.9,0.59,0,2016,2,24
1515,2/25/2016,36,43,0.81,0,2016,2,25
1516,2/26/2016,30.9,41,0,0.2,2016,2,26
1517,2/27/2016,37,46,0,0,2016,2,27
1518,2/28/2016,37.9,46,0,0,2016,2,28
1519,3/1/2016,39,52,0,0,2016,3,1
1520,3/2/2016,34,50,0.37,0,2016,3,2
1521,3/3/2016,14,35.1,0,0,2016,3,3
1522,3/4/2016,10,28,0.01,0,2016,3,4
1523,3/5/2016,25,39,0,0,2016,3,5
1524,3/6/2016,28,48,0,T,2016,3,6
1525,3/7/2016,30,60.1,0,0,2016,3,7
1526,3/8/2016,30,45,0,0,2016,3,8
1527,3/9/2016,25,39.9,0,0,2016,3,9
1528,3/10/2016,30,46.9,0.4,0.51,2016,3,10
1529,3/11/2016,30,37.9,0.09,0,2016,3,11
1530,3/12/2016,33.1,42.1,0,0,2016,3,12
1531,3/13/2016,30.9,54,0,0,2016,3,13
1532,3/14/2016,19,34,0.21,0,2016,3,14
1533,3/15/2016,6.1,19,1.14,0,2016,3,15
1534,3/16/2016,10,34,0.03,1.18,2016,3,16
1535,3/17/2016,33.1,48,0.07,0.2,2016,3,17
1536,3/18/2016,21,52,0.03,0,2016,3,18
1537,3/19/2016,17.1,33.1,0,0.31,2016,3,19
1538,3/20/2016,21.9,32,0.02,1.5,2016,3,20
1539,3/21/2016,16,23,0.22,2.91,2016,3,21
1540,3/22/2016,15.1,30,0,0,2016,3,22
1541,3/23/2016,28,46.9,,T,2016,3,23
1542,3/24/2016,42.1,55.9,,0,2016,3,24
1543,3/25/2016,36,43,0.16,0,2016,3,25
1544,3/26/2016,30.9,41,0,0.2,2016,3,26
1545,3/27/2016,37,46,0,0,2016,3,27
1546,3/28/2016,37.9,46,0.41,0,2016,3,28
1547,3/29/2016,34,43,0,0,2016,3,29
1548,3/30/2016,30.9,39.9,0,T,2016,3,30
1549,3/31/2016,30,46.9,0,0,2016,3,31
1550,4/1/2016,39,52,0.05,0,2016,4,1
1551,4/2/2016,34,50,0.32,0,2016,4,2
1552,4/3/2016,14,35.1,0.49,0,2016,4,3
1553,4/4/2016,10,28,0.41,0,2016,4,4
1554,4/5/2016,25,39,0,0,2016,4,5
1555,4/6/2016,28,48,0,T,2016,4,6
1556,4/7/2016,30,60.1,1.03,0,2016,4,7
1557,4/8/2016,30,45,,0,2016,4,8
1558,4/9/2016,25,39.9,0,0,2016,4,9
1559,4/10/2016,30,46.9,0,0.51,2016,4,10
1560,4/11/2016,30,37.9,0.01,0,2016,4,11
1561,4/12/2016,33.1,42.1,0.22,0,2016,4,12
1562,4/13/2016,30.9,54,0,0,2016,4,13
1563,4/14/2016,19,34,0,0,2016,4,14
1564,4/15/2016,6.1,19,0,0,2016,4,15
1565,4/16/2016,10,34,0,1.18,2016,4,16
1566,4/17/2016,33.1,48,0,0.2,2016,4,17
1567,4/18/2016,21,52,0,0,2016,4,18
1568,4/19/2016,17.1,33.1,0.02,0.31,2016,4,19
1569,4/20/2016,21.9,32,0,1.5,2016,4,20
1570,4/21/2016,16,23,0,2.91,2016,4,21
1571,4/22/2016,15.1,30,,0,2016,4,22
1572,4/23/2016,28,46.9,0.09,T,2016,4,23
1573,4/24/2016,42.1,55.9,0,0,2016,4,24
1574,4/25/2016,36,43,0,0,2016,4,25
1575,4/26/2016,30.9,41,0.27,0.2,2016,4,26
1576,4/27/2016,37,46,0,0,2016,4,27
1577,4/28/2016,37.9,46,0,0,2016,4,28
1578,4/29/2016,34,43,0,0,2016,4,29
1579,4/30/2016,30.9,39.9,0,T,2016,4,30
1580,5/1/2016,39,52,0.1,0,2016,5,1
1581,5/2/2016,34,50,0.39,0,2016,5,2
1582,5/3/2016,14,35.1,0.1,0,2016,5,3
1583,5/4/2016,10,28,0.48,0,2016,5,4
1584,5/5/2016,25,39,0.15,0,2016,5,5
1585,5/6/2016,28,48,0.09,T,2016,5,6
1586,5/7/2016,30,60.1,,0,2016,5,7
1587,5/8/2016,30,45,0.02,0,2016,5,8
1588,5/9/2016,25,39.9,0,0,2016,5,9
1589,5/10/2016,30,46.9,0,0.51,2016,5,10
1590,5/11/2016,30,37.9,0,0,2016,5,11
1591,5/12/2016,33.1,42.1,0,0,2016,5,12
1592,5/13/2016,30.9,54,0.11,0,2016,5,13
1593,5/14/2016,19,34,,0,2016,5,14
1594,5/15/2016,6.1,19,0,0,2016,5,15
1595,5/16/2016,10,34,0,1.18,2016,5,16
1596,5/17/2016,33.1,48,0,0.2,2016,5,17
1597,5/18/2016,21,52,0,0,2016,5,18
1598,5/19/2016,17.1,33.1,,0.31,2016,5,19
1599,5/20/2016,21.9,32,0,1.5,2016,5,20
1600,5/21/2016,16,23,0,2.91,2016,5,21
1601,5/22/2016,15.1,30,,0,2016,5,22
1602,5/23/2016,28,46.9,0,T,2016,5,23
1603,5/24/2016,42.1,55.9,0.26,0,2016,5,24
1604,5/25/2016,36,43,0,0,2016,5,25
1605,5/26/2016,30.9,41,0,0.2,2016,5,26
1606,5/27/2016,37,46,0,0,2016,5,27
1607,5/28/2016,37.9,46,0,0,2016,5,28
1608,5/29/2016,34,43,,0,2016,5,29
1609,5/30/2016,30.9,39.9,1.13,T,2016,5,30
1610,5/31/2016,30,46.9,0,0,2016,5,31
1611,6/1/2016,39,52,0,0,2016,6,1
1612,6/2/2016,34,50,0,0,2016,6,2
1613,6/3/2016,14,35.1,0,0,2016,6,3
1614,6/4/2016,10,28,0,0,2016,6,4
1615,6/5/2016,25,39,0.91,0,2016,6,5
1616,6/6/2016,28,48,0,T,2016,6,6
1617,6/7/2016,30,60.1,0.15,0,2016,6,7
1618,6/8/2016,30,45,,0,2016,6,8
1619,6/9/2016,25,39.9,0,0,2016,6,9
1620,6/10/2016,30,46.9,0,0.51,2016,6,10
1621,6/11/2016,30,37.9,0.02,0,2016,6,11
1622,6/12/2016,33.1,42.1,0,0,2016,6,12
1623,6/13/2016,30.9,54,0,0,2016,6,13
1624,6/14/2016,19,34,0,0,2016,6,14
1625,6/15/2016,6.1,19,0,0,2016,6,15
1626,6/16/2016,10,34,0,1.18,2016,6,16
1627,6/17/2016,33.1,48,0.12,0.2,2016,6,17
1628,6/18/2016,21,52,0,0,2016,6,18
1629,6/19/2016,17.1,33.1,0,0.31,2016,6,19
1630,6/20/2016,21.9,32,0,1.5,2016,6,20
1631,6/21/2016,16,23,0.02,2.91,2016,6,21
1632,6/22/2016,15.1,30,,0,2016,6,22
1633,6/23/2016,28,46.9,0,T,2016,6,23
1634,6/24/2016,42.1,55.9,0,0,2016,6,24
1635,6/25/2016,36,43,0,0,2016,6,25
1636,6/26/2016,30.9,41,0,0.2,2016,6,26
1637,6/27/2016,37,46,0,0,2016,6,27
1638,6/28/2016,37.9,46,0.08,0,2016,6,28
1639,6/29/2016,34,43,0.03,0,2016,6,29
1640,6/30/2016,30.9,39.9,0,T,2016,6,30
1641,7/1/2016,39,52,0.2,0,2016,7,1
1642,7/2/2016,34,50,0,0,2016,7,2
1643,7/3/2016,14,35.1,0,0,2016,7,3
1644,7/4/2016,10,28,0,0,2016,7,4
1645,7/5/2016,25,39,0.23,0,2016,7,5
1646,7/6/2016,28,48,0,T,2016,7,6
1647,7/7/2016,30,60.1,0,0,2016,7,7
1648,7/8/2016,30,45,0.02,0,2016,7,8
1649,7/9/2016,25,39.9,0.11,0,2016,7,9
1650,7/10/2016,30,46.9,0.09,0.51,2016,7,10
1651,7/11/2016,30,37.9,,0,2016,7,11
1652,7/12/2016,33.1,42.1,0,0,2016,7,12
1653,7/13/2016,30.9,54,0,0,2016,7,13
1654,7/14/2016,19,34,,0,2016,7,14
1655,7/15/2016,6.1,19,0,0,2016,7,15
1656,7/16/2016,10,34,0,1.18,2016,7,16
1657,7/17/2016,33.1,48,0,0.2,2016,7,17
1658,7/18/2016,21,52,0.01,0,2016,7,18
1659,7/19/2016,17.1,33.1,0,0.31,2016,7,19
1660,7/20/2016,21.9,32,0,1.5,2016,7,20
1661,7/21/2016,16,23,0,2.91,2016,7,21
1662,7/22/2016,15.1,30,0,0,2016,7,22
1663,7/23/2016,28,46.9,,T,2016,7,23
1664,7/24/2016,42.1,55.9,0,0,2016,7,24
1665,7/25/2016,36,43,0,0,2016,7,25
1666,7/26/2016,30.9,41,0,0.2,2016,7,26
1667,7/27/2016,37,46,0,0,2016,7,27
1668,7/28/2016,37.9,46,0,0,2016,7,28
1669,7/29/2016,34,43,0.06,0,2016,7,29
1670,7/30/2016,30.9,39.9,0,T,2016,7,30
1671,7/31/2016,30,46.9,0.15,0,2016,7,31
1672,8/1/2016,39,52,,0,2016,8,1
1673,8/2/2016,34,50,0.04,0,2016,8,2
1674,8/3/2016,14,35.1,0,0,2016,8,3
1675,8/4/2016,10,28,0,0,2016,8,4
1676,8/5/2016,25,39,0,0,2016,8,5
1677,8/6/2016,28,48,0.02,T,2016,8,6
1678,8/7/2016,30,60.1,0,0,2016,8,7
1679,8/8/2016,30,45,0,0,2016,8,8
1680,8/9/2016,25,39.9,0,0,2016,8,9
1681,8/10/2016,30,46.9,0.23,0.51,2016,8,10
1682,8/11/2016,30,37.9,0,0,2016,8,11
1683,8/12/2016,33.1,42.1,0.01,0,2016,8,12
1684,8/13/2016,30.9,54,0.34,0,2016,8,13
1685,8/14/2016,19,34,0.18,0,2016,8,14
1686,8/15/2016,6.1,19,0,0,2016,8,15
1687,8/16/2016,10,34,,1.18,2016,8,16
1688,8/17/2016,33.1,48,0,0.2,2016,8,17
1689,8/18/2016,21,52,,0,2016,8,18
1690,8/19/2016,17.1,33.1,0,0.31,2016,8,19
1691,8/20/2016,21.9,32,0,1.5,2016,8,20
1692,8/21/2016,16,23,0.01,2.91,2016,8,21
1693,8/22/2016,15.1,30,0.89,0,2016,8,22
1694,8/23/2016,28,46.9,0,T,2016,8,23
1695,8/24/2016,42.1,55.9,0,0,2016,8,24
1696,8/25/2016,36,43,0,0,2016,8,25
1697,8/26/2016,30.9,41,0,0.2,2016,8,26
1698,8/27/2016,37,46,0,0,2016,8,27
1699,8/28/2016,37.9,46,0,0,2016,8,28
1700,8/29/2016,34,43,0,0,2016,8,29
1701,8/30/2016,30.9,39.9,0,T,2016,8,30
1702,8/31/2016,30,46.9,,0,2016,8,31
1703,9/1/2016,39,52,0.02,0,2016,9,1
1704,9/2/2016,34,50,0,0,2016,9,2
1705,9/3/2016,14,35.1,0,0,2016,9,3
1706,9/4/2016,10,28,0,0,2016,9,4
1707,9/5/2016,25,39,0.07,0,2016,9,5
1708,9/6/2016,28,48,0.14,T,2016,9,6
1709,9/7/2016,30,60.1,0.03,0,2016,9,7
1710,9/8/2016,30,45,,0,2016,9,8
1711,9/9/2016,25,39.9,,0,2016,9,9
1712,9/10/2016,30,46.9,0.01,0.51,2016,9,10
1713,9/11/2016,30,37.9,0.03,0,2016,9,11
1714,9/12/2016,33.1,42.1,0,0,2016,9,12
1715,9/13/2016,30.9,54,0,0,2016,9,13
1716,9/14/2016,19,34,0.06,0,2016,9,14
1717,9/15/2016,6.1,19,0,0,2016,9,15
1718,9/16/2016,10,34,0,1.18,2016,9,16
1719,9/17/2016,33.1,48,0,0.2,2016,9,17
1720,9/18/2016,21,52,,0,2016,9,18
1721,9/19/2016,17.1,33.1,0.33,0.31,2016,9,19
1722,9/20/2016,21.9,32,0,1.5,2016,9,20
1723,9/21/2016,16,23,0,2.91,2016,9,21
1724,9/22/2016,15.1,30,0,0,2016,9,22
1725,9/23/2016,28,46.9,0.34,T,2016,9,23
1726,9/24/2016,42.1,55.9,,0,2016,9,24
1727,9/25/2016,36,43,0,0,2016,9,25
1728,9/26/2016,30.9,41,0,0.2,2016,9,26
1729,9/27/2016,37,46,0.22,0,2016,9,27
1730,9/28/2016,37.9,46,,0,2016,9,28
1731,9/29/2016,34,43,0,0,2016,9,29
1732,9/30/2016,30.9,39.9,0.13,T,2016,9,30
1733,10/1/2016,39,52,0.71,0,2016,10,1
1734,10/2/2016,34,50,0.03,0,2016,10,2
1735,10/3/2016,14,35.1,0,0,2016,10,3
1736,10/4/2016,10,28,,0,2016,10,4
1737,10/5/2016,25,39,0,0,2016,10,5
1738,10/6/2016,28,48,0,T,2016,10,6
1739,10/7/2016,30,60.1,0,0,2016,10,7
1740,10/8/2016,30,45,0.01,0,2016,10,8
1741,10/9/2016,25,39.9,1.84,0,2016,10,9
1742,10/10/2016,30,46.9,0,0.51,2016,10,10
1743,10/11/2016,30,37.9,0,0,2016,10,11
1744,10/12/2016,33.1,42.1,0,0,2016,10,12
1745,10/13/2016,30.9,54,,0,2016,10,13
1746,10/14/2016,19,34,0,0,2016,10,14
1747,10/15/2016,6.1,19,0,0,2016,10,15
1748,10/16/2016,10,34,0,1.18,2016,10,16
1749,10/17/2016,33.1,48,,0.2,2016,10,17
1750,10/18/2016,21,52,0.14,0,2016,10,18
1751,10/19/2016,17.1,33.1,0,0.31,2016,10,19
1752,10/20/2016,21.9,32,0.08,1.5,2016,10,20
1753,10/21/2016,16,23,1.11,2.91,2016,10,21
1754,10/22/2016,15.1,30,0.15,0,2016,10,22
1755,10/23/2016,28,46.9,0,T,2016,10,23
1756,10/24/2016,42.1,55.9,0,0,2016,10,24
1757,10/25/2016,36,43,0,0,2016,10,25
1758,10/26/2016,30.9,41,0,0.2,2016,10,26
1759,10/27/2016,37,46,0.65,0,2016,10,27
1760,10/28/2016,37.9,46,0.61,0,2016,10,28
1761,10/29/2016,34,43,,0,2016,10,29
1762,10/30/2016,30.9,39.9,0.13,T,2016,10,30
1763,10/31/2016,30,46.9,0,0,2016,10,31
1764,11/1/2016,39,52,0,0,2016,11,1
1765,11/2/2016,34,50,0,0,2016,11,2
1766,11/3/2016,14,35.1,0.08,0,2016,11,3
1767,11/4/2016,10,28,0,0,2016,11,4
1768,11/5/2016,25,39,0,0,2016,11,5
1769,11/6/2016,28,48,0.09,T,2016,11,6
1770,11/7/2016,30,60.1,0,0,2016,11,7
1771,11/8/2016,30,45,0,0,2016,11,8
1772,11/9/2016,25,39.9,0.01,0,2016,11,9
1773,11/10/2016,30,46.9,,0.51,2016,11,10
1774,11/11/2016,30,37.9,0,0,2016,11,11
1775,11/12/2016,33.1,42.1,0,0,2016,11,12
1776,11/13/2016,30.9,54,0,0,2016,11,13
1777,11/14/2016,19,34,0,0,2016,11,14
1778,11/15/2016,6.1,19,0.99,0,2016,11,15
1779,11/16/2016,10,34,0.03,1.18,2016,11,16
1780,11/17/2016,33.1,48,0,0.2,2016,11,17
1781,11/18/2016,21,52,0,0,2016,11,18
1782,11/19/2016,17.1,33.1,,0.31,2016,11,19
1783,11/20/2016,21.9,32,0.08,1.5,2016,11,20
1784,11/21/2016,16,23,,2.91,2016,11,21
1785,11/22/2016,15.1,30,0,0,2016,11,22
1786,11/23/2016,28,46.9,0,T,2016,11,23
1787,11/24/2016,42.1,55.9,0.05,0,2016,11,24
1788,11/25/2016,36,43,0.03,0,2016,11,25
1789,11/26/2016,30.9,41,0,0.2,2016,11,26
1790,11/27/2016,37,46,0,0,2016,11,27
1791,11/28/2016,37.9,46,0,0,2016,11,28
1792,11/29/2016,34,43,0.43,0,2016,11,29
1793,11/30/2016,30.9,39.9,0.91,T,2016,11,30
1794,12/1/2016,39,52,0.31,0,2016,12,1
1795,12/2/2016,34,50,0,0,2016,12,2
1796,12/3/2016,14,35.1,0,0,2016,12,3
1797,12/4/2016,10,28,0,0,2016,12,4
1798,12/5/2016,25,39,0.14,0,2016,12,5
1799,12/6/2016,28,48,0,T,2016,12,6
1800,12/7/2016,30,60.1,0.08,0,2016,12,7
1801,12/8/2016,30,45,0,0,2016,12,8
1802,12/9/2016,25,39.9,0,0,2016,12,9
1803,12/10/2016,30,46.9,0,0.51,2016,12,10
1804,12/11/2016,30,37.9,0.02,0,2016,12,11
1805,12/12/2016,33.1,42.1,0.42,0,2016,12,12
1806,12/13/2016,30.9,54,0,0,2016,12,13
1807,12/14/2016,19,34,0,0,2016,12,14
1808,12/15/2016,6.1,19,,0,2016,12,15
1809,12/16/2016,10,34,0,1.18,2016,12,16
1810,12/17/2016,33.1,48,0.53,0.2,2016,12,17
1811,12/18/2016,21,52,0.11,0,2016,12,18
1812,12/19/2016,17.1,33.1,0,0.31,2016,12,19
1813,12/20/2016,21.9,32,0,1.5,2016,12,20
1814,12/21/2016,16,23,0,2.91,2016,12,21
1815,12/22/2016,15.1,30,0.02,0,2016,12,22
1816,12/23/2016,28,46.9,0,T,2016,12,23
1817,12/24/2016,42.1,55.9,0.38,0,2016,12,24
1818,12/25/2016,36,43,0,0,2016,12,25
1819,12/26/2016,30.9,41,0.01,0.2,2016,12,26
1820,12/27/2016,37,46,,0,2016,12,27
1821,12/28/2016,37.9,46,0,0,2016,12,28
1822,12/29/2016,34,43,1.16,0,2016,12,29
1823,12/30/2016,30.9,39.9,,T,2016,12,30
1824,12/31/2016,30,46.9,0.07,0,2016,12,31
1825,1/1/2017,39,52,0.07,0,2017,1,1
1826,1/2/2017,34,50,,0,2017,1,2
1827,1/3/2017,14,35.1,0.89,0,2017,1,3
1828,1/4/2017,10,28,0.06,0,2017,1,4
1829,1/5/2017,25,39,0,0,2017,1,5
1830,1/6/2017,28,48,0.06,T,2017,1,6
1831,1/7/2017,30,60.1,0.53,0,2017,1,7
1832,1/8/2017,30,45,0.01,0,2017,1,8
1833,1/9/2017,25,39.9,0,0,2017,1,9
1834,1/10/2017,30,46.9,0.14,0.51,2017,1,10
1835,1/11/2017,30,37.9,0.09,0,2017,1,11
1836,1/12/2017,33.1,42.1,0.15,0,2017,1,12
1837,1/13/2017,30.9,54,0,0,2017,1,13
1838,1/14/2017,19,34,0,0,2017,1,14
1839,1/15/2017,6.1,19,0,0,2017,1,15
1840,1/16/2017,10,34,0,1.18,2017,1,16
1841,1/17/2017,33.1,48,0.3,0.2,2017,1,17
1842,1/18/2017,21,52,0.36,0,2017,1,18
1843,1/19/2017,17.1,33.1,0,0.31,2017,1,19
1844,1/20/2017,21.9,32,0,1.5,2017,1,20
1845,1/21/2017,16,23,0,2.91,2017,1,21
1846,1/22/2017,15.1,30,0.06,0,2017,1,22
1847,1/23/2017,28,46.9,0.31,T,2017,1,23
1848,1/24/2017,42.1,55.9,1.09,0,2017,1,24
1849,1/25/2017,36,43,0.02,0,2017,1,25
1850,1/26/2017,30.9,41,0.05,0.2,2017,1,26
1851,1/27/2017,37,46,,0,2017,1,27
1852,1/28/2017,37.9,46,0,0,2017,1,28
1853,1/29/2017,34,43,0,0,2017,1,29
1854,1/30/2017,30.9,39.9,0,T,2017,1,30
1855,1/31/2017,30,46.9,0.06,0,2017,1,31
1856,2/1/2017,39,52,0.05,0,2017,2,1
1857,2/2/2017,34,50,0,0,2017,2,2
1858,2/3/2017,14,35.1,0,0,2017,2,3
1859,2/4/2017,10,28,0,0,2017,2,4
1860,2/5/2017,25,39,0,0,2017,2,5
1861,2/6/2017,28,48,0,T,2017,2,6
1862,2/7/2017,30,60.1,0.44,0,2017,2,7
1863,2/8/2017,30,45,0.02,0,2017,2,8
1864,2/9/2017,25,39.9,1.25,0,2017,2,9
1865,2/10/2017,30,46.9,,0.51,2017,2,10
1866,2/11/2017,30,37.9,0.21,0,2017,2,11
1867,2/12/2017,33.1,42.1,0.77,0,2017,2,12
1868,2/13/2017,30.9,54,0.09,0,2017,2,13
1869,2/14/2017,19,34,0,0,2017,2,14
1870,2/15/2017,6.1,19,0.22,0,2017,2,15
1871,2/16/2017,10,34,0.07,1.18,2017,2,16
1872,2/17/2017,33.1,48,0,0.2,2017,2,17
1873,2/18/2017,21,52,0,0,2017,2,18
1874,2/19/2017,17.1,33.1,0,0.31,2017,2,19
1875,2/20/2017,21.9,32,0,1.5,2017,2,20
1876,2/21/2017,16,23,0,2.91,2017,2,21
1877,2/22/2017,15.1,30,0,0,2017,2,22
1878,2/23/2017,28,46.9,0,T,2017,2,23
1879,2/24/2017,42.1,55.9,0,0,2017,2,24
1880,2/25/2017,36,43,0.1,0,2017,2,25
1881,2/26/2017,30.9,41,0,0.2,2017,2,26
1882,2/27/2017,37,46,0,0,2017,2,27
1883,2/28/2017,37.9,46,0,0,2017,2,28
1884,3/1/2017,39,52,0.02,0,2017,3,1
1885,3/2/2017,34,50,0,0,2017,3,2
1886,3/3/2017,14,35.1,,0,2017,3,3
1887,3/4/2017,10,28,0,0,2017,3,4
1888,3/5/2017,25,39,0,0,2017,3,5
1889,3/6/2017,28,48,0,T,2017,3,6
1890,3/7/2017,30,60.1,0.02,0,2017,3,7
1891,3/8/2017,30,45,0.05,0,2017,3,8
1892,3/9/2017,25,39.9,0,0,2017,3,9
1893,3/10/2017,30,46.9,0.2,0.51,2017,3,10
1894,3/11/2017,30,37.9,0.02,0,2017,3,11
1895,3/12/2017,33.1,42.1,0,0,2017,3,12
1896,3/13/2017,30.9,54,0,0,2017,3,13
1897,3/14/2017,19,34,1.62,0,2017,3,14
1898,3/15/2017,6.1,19,0,0,2017,3,15
1899,3/16/2017,10,34,0,1.18,2017,3,16
1900,3/17/2017,33.1,48,0,0.2,2017,3,17
1901,3/18/2017,21,52,0,0,2017,3,18
1902,3/19/2017,17.1,33.1,0.01,0.31,2017,3,19
1903,3/20/2017,21.9,32,0,1.5,2017,3,20
1904,3/21/2017,16,23,0,2.91,2017,3,21
1905,3/22/2017,15.1,30,,0,2017,3,22
1906,3/23/2017,28,46.9,0,T,2017,3,23
1907,3/24/2017,42.1,55.9,0.03,0,2017,3,24
1908,3/25/2017,36,43,0.08,0,2017,3,25
1909,3/26/2017,30.9,41,,0.2,2017,3,26
1910,3/27/2017,37,46,0.48,0,2017,3,27
1911,3/28/2017,37.9,46,0.72,0,2017,3,28
1912,3/29/2017,34,43,0.06,0,2017,3,29
1913,3/30/2017,30.9,39.9,0,T,2017,3,30
1914,3/31/2017,30,46.9,0.87,0,2017,3,31
1915,4/1/2017,39,52,1.56,0,2017,4,1
1916,4/2/2017,34,50,,0,2017,4,2
1917,4/3/2017,14,35.1,0,0,2017,4,3
1918,4/4/2017,10,28,0.68,0,2017,4,4
1919,4/5/2017,25,39,,0,2017,4,5
1920,4/6/2017,28,48,1.36,T,2017,4,6
1921,4/7/2017,30,60.1,,0,2017,4,7
1922,4/8/2017,30,45,0,0,2017,4,8
1923,4/9/2017,25,39.9,0,0,2017,4,9
1924,4/10/2017,30,46.9,0,0.51,2017,4,10
1925,4/11/2017,30,37.9,0,0,2017,4,11
1926,4/12/2017,33.1,42.1,0.02,0,2017,4,12
1927,4/13/2017,30.9,54,0,0,2017,4,13
1928,4/14/2017,19,34,0,0,2017,4,14
1929,4/15/2017,6.1,19,,0,2017,4,15
1930,4/16/2017,10,34,,1.18,2017,4,16
1931,4/17/2017,33.1,48,0,0.2,2017,4,17
1932,4/18/2017,21,52,0,0,2017,4,18
1933,4/19/2017,17.1,33.1,0.07,0.31,2017,4,19
1934,4/20/2017,21.9,32,0.01,1.5,2017,4,20
1935,4/21/2017,16,23,0.51,2.91,2017,4,21
1936,4/22/2017,15.1,30,0.05,0,2017,4,22
1937,4/23/2017,28,46.9,0,T,2017,4,23
1938,4/24/2017,42.1,55.9,0,0,2017,4,24
1939,4/25/2017,36,43,0.89,0,2017,4,25
1940,4/26/2017,30.9,41,0.56,0.2,2017,4,26
1941,4/27/2017,37,46,0,0,2017,4,27
1942,4/28/2017,37.9,46,0.01,0,2017,4,28
1943,4/29/2017,34,43,0,0,2017,4,29
1944,4/30/2017,30.9,39.9,0.01,T,2017,4,30
1945,5/1/2017,39,52,,0,2017,5,1
1946,5/2/2017,34,50,0.19,0,2017,5,2
1947,5/3/2017,14,35.1,0,0,2017,5,3
1948,5/4/2017,10,28,0,0,2017,5,4
1949,5/5/2017,25,39,0.64,0,2017,5,5
1950,5/6/2017,28,48,0.1,T,2017,5,6
1951,5/7/2017,30,60.1,0,0,2017,5,7
1952,5/8/2017,30,45,,0,2017,5,8
1953,5/9/2017,25,39.9,,0,2017,5,9
1954,5/10/2017,30,46.9,0,0.51,2017,5,10
1955,5/11/2017,30,37.9,0,0,2017,5,11
1956,5/12/2017,33.1,42.1,0.01,0,2017,5,12
1957,5/13/2017,30.9,54,0.02,0,2017,5,13
1958,5/14/2017,19,34,0.95,0,2017,5,14
1959,5/15/2017,6.1,19,0.07,0,2017,5,15
1960,5/16/2017,10,34,0,1.18,2017,5,16
1961,5/17/2017,33.1,48,,0.2,2017,5,17
1962,5/18/2017,21,52,0.05,0,2017,5,18
1963,5/19/2017,17.1,33.1,0.01,0.31,2017,5,19
1964,5/20/2017,21.9,32,0,1.5,2017,5,20
1965,5/21/2017,16,23,0,2.91,2017,5,21
1966,5/22/2017,15.1,30,0.12,0,2017,5,22
1967,5/23/2017,28,46.9,,T,2017,5,23
1968,5/24/2017,42.1,55.9,0,0,2017,5,24
1969,5/25/2017,36,43,0.63,0,2017,5,25
1970,5/26/2017,30.9,41,0.55,0.2,2017,5,26
1971,5/27/2017,37,46,0,0,2017,5,27
1972,5/28/2017,37.9,46,0,0,2017,5,28
1973,5/29/2017,34,43,0.05,0,2017,5,29
1974,5/30/2017,30.9,39.9,0,T,2017,5,30
1975,5/31/2017,30,46.9,0.06,0,2017,5,31
1976,6/1/2017,39,52,0.16,0,2017,6,1
1977,6/2/2017,34,50,0.01,0,2017,6,2
1978,6/3/2017,14,35.1,,0,2017,6,3
1979,6/4/2017,10,28,0.18,0,2017,6,4
1980,6/5/2017,25,39,0.59,0,2017,6,5
1981,6/6/2017,28,48,0.8,T,2017,6,6
1982,6/7/2017,30,60.1,0.04,0,2017,6,7
1983,6/8/2017,30,45,0,0,2017,6,8
1984,6/9/2017,25,39.9,0,0,2017,6,9
1985,6/10/2017,30,46.9,0,0.51,2017,6,10
1986,6/11/2017,30,37.9,0,0,2017,6,11
1987,6/12/2017,33.1,42.1,0,0,2017,6,12
1988,6/13/2017,30.9,54,0.53,0,2017,6,13
1989,6/14/2017,19,34,,0,2017,6,14
1990,6/15/2017,6.1,19,0,0,2017,6,15
1991,6/16/2017,10,34,2.13,1.18,2017,6,16
1992,6/17/2017,33.1,48,0.02,0.2,2017,6,17
1993,6/18/2017,21,52,,0,2017,6,18
1994,6/19/2017,17.1,33.1,0.03,0.31,2017,6,19
1995,6/20/2017,21.9,32,0.13,1.5,2017,6,20
1996,6/21/2017,16,23,0,2.91,2017,6,21
1997,6/22/2017,15.1,30,0,0,2017,6,22
1998,6/23/2017,28,46.9,,T,2017,6,23
1999,6/24/2017,42.1,55.9,0.08,0,2017,6,24
2000,6/25/2017,36,43,,0,2017,6,25
2001,6/26/2017,30.9,41,0,0.2,2017,6,26
2002,6/27/2017,37,46,0.08,0,2017,6,27
2003,6/28/2017,37.9,46,0,0,2017,6,28
2004,6/29/2017,34,43,,0,2017,6,29
2005,6/30/2017,30.9,39.9,0.07,T,2017,6,30
2006,7/1/2017,39,52,0.11,0,2017,7,1
2007,7/2/2017,34,50,,0,2017,7,2
2008,7/3/2017,14,35.1,,0,2017,7,3
2009,7/4/2017,10,28,0,0,2017,7,4
2010,7/5/2017,25,39,0,0,2017,7,5
2011,7/6/2017,28,48,0,T,2017,7,6
2012,7/7/2017,30,60.1,0.3,0,2017,7,7
2013,7/8/2017,30,45,0.4,0,2017,7,8
2014,7/9/2017,25,39.9,0,0,2017,7,9
2015,7/10/2017,30,46.9,,0.51,2017,7,10
2016,7/11/2017,30,37.9,0.17,0,2017,7,11
2017,7/12/2017,33.1,42.1,1.33,0,2017,7,12
2018,7/13/2017,30.9,54,0.14,0,2017,7,13
2019,7/14/2017,19,34,0,0,2017,7,14
2020,7/15/2017,6.1,19,,0,2017,7,15
2021,7/16/2017,10,34,0,1.18,2017,7,16
2022,7/17/2017,33.1,48,0,0.2,2017,7,17
2023,7/18/2017,21,52,0.12,0,2017,7,18
2024,7/19/2017,17.1,33.1,0,0.31,2017,7,19
2025,7/20/2017,21.9,32,,1.5,2017,7,20
2026,7/21/2017,16,23,0,2.91,2017,7,21
2027,7/22/2017,15.1,30,,0,2017,7,22
2028,7/23/2017,28,46.9,0,T,2017,7,23
2029,7/24/2017,42.1,55.9,1.41,0,2017,7,24
2030,7/25/2017,36,43,0.01,0,2017,7,25
2031,7/26/2017,30.9,41,0,0.2,2017,7,26
2032,7/27/2017,37,46,0.04,0,2017,7,27
2033,7/28/2017,37.9,46,0,0,2017,7,28
2034,7/29/2017,34,43,0,0,2017,7,29
2035,7/30/2017,30.9,39.9,0,T,2017,7,30
2036,7/31/2017,30,46.9,0,0,2017,7,31
2037,8/1/2017,39,52,0,0,2017,8,1
2038,8/2/2017,34,50,0.96,0,2017,8,2
2039,8/3/2017,14,35.1,,0,2017,8,3
2040,8/4/2017,10,28,0,0,2017,8,4
2041,8/5/2017,25,39,0.16,0,2017,8,5
2042,8/6/2017,28,48,0,T,2017,8,6
2043,8/7/2017,30,60.1,,0,2017,8,7
2044,8/8/2017,30,45,0,0,2017,8,8
2045,8/9/2017,25,39.9,0,0,2017,8,9
2046,8/10/2017,30,46.9,0,0.51,2017,8,10
2047,8/11/2017,30,37.9,0,0,2017,8,11
2048,8/12/2017,33.1,42.1,0.1,0,2017,8,12
2049,8/13/2017,30.9,54,0,0,2017,8,13
2050,8/14/2017,19,34,0,0,2017,8,14
2051,8/15/2017,6.1,19,0,0,2017,8,15
2052,8/16/2017,10,34,0,1.18,2017,8,16
2053,8/17/2017,33.1,48,0,0.2,2017,8,17
2054,8/18/2017,21,52,0.24,0,2017,8,18
2055,8/19/2017,17.1,33.1,0.01,0.31,2017,8,19
2056,8/20/2017,21.9,32,0,1.5,2017,8,20
2057,8/21/2017,16,23,0,2.91,2017,8,21
2058,8/22/2017,15.1,30,0,0,2017,8,22
2059,8/23/2017,28,46.9,0.04,T,2017,8,23
2060,8/24/2017,42.1,55.9,0,0,2017,8,24
2061,8/25/2017,36,43,,0,2017,8,25
2062,8/26/2017,30.9,41,0,0.2,2017,8,26
2063,8/27/2017,37,46,0,0,2017,8,27
2064,8/28/2017,37.9,46,0,0,2017,8,28
2065,8/29/2017,34,43,,0,2017,8,29
2066,8/30/2017,30.9,39.9,0.07,T,2017,8,30
2067,8/31/2017,30,46.9,0,0,2017,8,31
2068,9/1/2017,39,52,0,0,2017,9,1
2069,9/2/2017,34,50,0,0,2017,9,2
2070,9/3/2017,14,35.1,0.28,0,2017,9,3
2071,9/4/2017,10,28,0,0,2017,9,4
2072,9/5/2017,25,39,0,0,2017,9,5
2073,9/6/2017,28,48,0.22,T,2017,9,6
2074,9/7/2017,30,60.1,0.6,0,2017,9,7
2075,9/8/2017,30,45,0,0,2017,9,8
2076,9/9/2017,25,39.9,0.01,0,2017,9,9
2077,9/10/2017,30,46.9,0,0.51,2017,9,10
2078,9/11/2017,30,37.9,0,0,2017,9,11
2079,9/12/2017,33.1,42.1,0,0,2017,9,12
2080,9/13/2017,30.9,54,0.03,0,2017,9,13
2081,9/14/2017,19,34,0.33,0,2017,9,14
2082,9/15/2017,6.1,19,0.21,0,2017,9,15
2083,9/16/2017,10,34,0,1.18,2017,9,16
2084,9/17/2017,33.1,48,0,0.2,2017,9,17
2085,9/18/2017,21,52,,0,2017,9,18
2086,9/19/2017,17.1,33.1,0.04,0.31,2017,9,19
2087,9/20/2017,21.9,32,0.27,1.5,2017,9,20
2088,9/21/2017,16,23,0,2.91,2017,9,21
2089,9/22/2017,15.1,30,0.16,0,2017,9,22
2090,9/23/2017,28,46.9,0.03,T,2017,9,23
2091,9/24/2017,42.1,55.9,0,0,2017,9,24
2092,9/25/2017,36,43,0,0,2017,9,25
2093,9/26/2017,30.9,41,0,0.2,2017,9,26
2094,9/27/2017,37,46,0,0,2017,9,27
2095,9/28/2017,37.9,46,0,0,2017,9,28
2096,9/29/2017,34,43,0,0,2017,9,29
2097,9/30/2017,30.9,39.9,1.55,T,2017,9,30
2098,10/1/2017,39,52,0,0,2017,10,1
2099,10/2/2017,34,50,0,0,2017,10,2
2100,10/3/2017,14,35.1,0,0,2017,10,3
2101,10/4/2017,10,28,0,0,2017,10,4
2102,10/5/2017,25,39,0,0,2017,10,5
2103,10/6/2017,28,48,,T,2017,10,6
2104,10/7/2017,30,60.1,0,0,2017,10,7
2105,10/8/2017,30,45,0.11,0,2017,10,8
2106,10/9/2017,25,39.9,0.27,0,2017,10,9
2107,10/10/2017,30,46.9,0,0.51,2017,10,10
2108,10/11/2017,30,37.9,0.01,0,2017,10,11
2109,10/12/2017,33.1,42.1,,0,2017,10,12
2110,10/13/2017,30.9,54,0,0,2017,10,13
2111,10/14/2017,19,34,0.1,0,2017,10,14
2112,10/15/2017,6.1,19,0,0,2017,10,15
2113,10/16/2017,10,34,0,1.18,2017,10,16
2114,10/17/2017,33.1,48,0,0.2,2017,10,17
2115,10/18/2017,21,52,0,0,2017,10,18
2116,10/19/2017,17.1,33.1,0,0.31,2017,10,19
2117,10/20/2017,21.9,32,0,1.5,2017,10,20
2118,10/21/2017,16,23,0,2.91,2017,10,21
2119,10/22/2017,15.1,30,0,0,2017,10,22
2120,10/23/2017,28,46.9,0,T,2017,10,23
2121,10/24/2017,42.1,55.9,0.07,0,2017,10,24
2122,10/25/2017,36,43,1.29,0,2017,10,25
2123,10/26/2017,30.9,41,0.35,0.2,2017,10,26
2124,10/27/2017,37,46,0,0,2017,10,27
2125,10/28/2017,37.9,46,0,0,2017,10,28
2126,10/29/2017,34,43,1,0,2017,10,29
2127,10/30/2017,30.9,39.9,0.94,T,2017,10,30
2128,10/31/2017,30,46.9,0,0,2017,10,31
2129,11/1/2017,39,52,0,0,2017,11,1
2130,11/2/2017,34,50,0,0,2017,11,2
2131,11/3/2017,14,35.1,0.01,0,2017,11,3
2132,11/4/2017,10,28,0,0,2017,11,4
2133,11/5/2017,25,39,,0,2017,11,5
2134,11/6/2017,28,48,0.08,T,2017,11,6
2135,11/7/2017,30,60.1,0.13,0,2017,11,7
2136,11/8/2017,30,45,0.03,0,2017,11,8
2137,11/9/2017,25,39.9,0,0,2017,11,9
2138,11/10/2017,30,46.9,0.02,0.51,2017,11,10
2139,11/11/2017,30,37.9,0,0,2017,11,11
2140,11/12/2017,33.1,42.1,0,0,2017,11,12
2141,11/13/2017,30.9,54,0.13,0,2017,11,13
2142,11/14/2017,19,34,,0,2017,11,14
2143,11/15/2017,6.1,19,0,0,2017,11,15
2144,11/16/2017,10,34,0.19,1.18,2017,11,16
2145,11/17/2017,33.1,48,0,0.2,2017,11,17
2146,11/18/2017,21,52,0.09,0,2017,11,18
2147,11/19/2017,17.1,33.1,0.23,0.31,2017,11,19
2148,11/20/2017,21.9,32,,1.5,2017,11,20
2149,11/21/2017,16,23,0,2.91,2017,11,21
2150,11/22/2017,15.1,30,0.89,0,2017,11,22
2151,11/23/2017,28,46.9,0,T,2017,11,23
2152,11/24/2017,42.1,55.9,0,0,2017,11,24
2153,11/25/2017,36,43,0,0,2017,11,25
2154,11/26/2017,30.9,41,0,0.2,2017,11,26
2155,11/27/2017,37,46,0,0,2017,11,27
2156,11/28/2017,37.9,46,0,0,2017,11,28
2157,11/29/2017,34,43,0,0,2017,11,29
2158,11/30/2017,30.9,39.9,0,T,2017,11,30
2159,12/1/2017,39,52,0.09,0,2017,12,1
2160,12/2/2017,34,50,0,0,2017,12,2
2161,12/3/2017,14,35.1,0,0,2017,12,3
2162,12/4/2017,10,28,0,0,2017,12,4
2163,12/5/2017,25,39,0.08,0,2017,12,5
2164,12/6/2017,28,48,0.46,T,2017,12,6
2165,12/7/2017,30,60.1,0,0,2017,12,7
2166,12/8/2017,30,45,0,0,2017,12,8
2167,12/9/2017,25,39.9,0.66,0,2017,12,9
2168,12/10/2017,30,46.9,0.01,0.51,2017,12,10
2169,12/11/2017,30,37.9,0,0,2017,12,11
2170,12/12/2017,33.1,42.1,0.04,0,2017,12,12
2171,12/13/2017,30.9,54,0,0,2017,12,13
2172,12/14/2017,19,34,,0,2017,12,14
2173,12/15/2017,6.1,19,,0,2017,12,15
2174,12/16/2017,10,34,0,1.18,2017,12,16
2175,12/17/2017,33.1,48,0,0.2,2017,12,17
2176,12/18/2017,21,52,,0,2017,12,18
2177,12/19/2017,17.1,33.1,0,0.31,2017,12,19
2178,12/20/2017,21.9,32,0,1.5,2017,12,20
2179,12/21/2017,16,23,0,2.91,2017,12,21
2180,12/22/2017,15.1,30,0.1,0,2017,12,22
2181,12/23/2017,28,46.9,0.58,T,2017,12,23
2182,12/24/2017,42.1,55.9,0,0,2017,12,24
2183,12/25/2017,36,43,0.44,0,2017,12,25
2184,12/26/2017,30.9,41,0,0.2,2017,12,26
2185,12/27/2017,37,46,0,0,2017,12,27
2186,12/28/2017,37.9,46,0,0,2017,12,28
2187,12/29/2017,34,43,0,0,2017,12,29
2188,12/30/2017,30.9,39.9,0.01,T,2017,12,30
2189,12/31/2017,30,46.9,0,0,2017,12,31
2190,1/1/2018,39,52,0,0,2018,1,1
2191,1/2/2018,34,50,0,0,2018,1,2
2192,1/3/2018,14,35.1,0,0,2018,1,3
2193,1/4/2018,10,28,1.35,0,2018,1,4
2194,1/5/2018,25,39,0,0,2018,1,5
2195,1/6/2018,28,48,0,T,2018,1,6
2196,1/7/2018,30,60.1,0,0,2018,1,7
2197,1/8/2018,30,45,,0,2018,1,8
2198,1/9/2018,25,39.9,0,0,2018,1,9
2199,1/10/2018,30,46.9,0,0.51,2018,1,10
2200,1/11/2018,30,37.9,0,0,2018,1,11
2201,1/12/2018,33.1,42.1,0.62,0,2018,1,12
2202,1/13/2018,30.9,54,1.24,0,2018,1,13
2203,1/14/2018,19,34,0,0,2018,1,14
2204,1/15/2018,6.1,19,,0,2018,1,15
2205,1/16/2018,10,34,0,1.18,2018,1,16
2206,1/17/2018,33.1,48,0.21,0.2,2018,1,17
2207,1/18/2018,21,52,0,0,2018,1,18
2208,1/19/2018,17.1,33.1,0,0.31,2018,1,19
2209,1/20/2018,21.9,32,0,1.5,2018,1,20
2210,1/21/2018,16,23,0,2.91,2018,1,21
2211,1/22/2018,15.1,30,0.06,0,2018,1,22
2212,1/23/2018,28,46.9,1.26,T,2018,1,23
2213,1/24/2018,42.1,55.9,0,0,2018,1,24
2214,1/25/2018,36,43,0,0,2018,1,25
2215,1/26/2018,30.9,41,0,0.2,2018,1,26
2216,1/27/2018,37,46,0,0,2018,1,27
2217,1/28/2018,37.9,46,0.03,0,2018,1,28
2218,1/29/2018,34,43,,0,2018,1,29
2219,1/30/2018,30.9,39.9,0.05,T,2018,1,30
2220,1/31/2018,30,46.9,0,0,2018,1,31
2221,2/1/2018,39,52,0.04,0,2018,2,1
2222,2/2/2018,34,50,0.25,0,2018,2,2
2223,2/3/2018,14,35.1,0,0,2018,2,3
2224,2/4/2018,10,28,0.29,0,2018,2,4
2225,2/5/2018,25,39,0.36,0,2018,2,5
2226,2/6/2018,28,48,,T,2018,2,6
2227,2/7/2018,30,60.1,0.65,0,2018,2,7
2228,2/8/2018,30,45,0,0,2018,2,8
2229,2/9/2018,25,39.9,0,0,2018,2,9
2230,2/10/2018,30,46.9,0.16,0.51,2018,2,10
2231,2/11/2018,30,37.9,0.69,0,2018,2,11
2232,2/12/2018,33.1,42.1,0,0,2018,2,12
2233,2/13/2018,30.9,54,0,0,2018,2,13
2234,2/14/2018,19,34,0,0,2018,2,14
2235,2/15/2018,6.1,19,,0,2018,2,15
2236,2/16/2018,10,34,0.02,1.18,2018,2,16
2237,2/17/2018,33.1,48,0.17,0.2,2018,2,17
2238,2/18/2018,21,52,0.35,0,2018,2,18
2239,2/19/2018,17.1,33.1,0.06,0.31,2018,2,19
2240,2/20/2018,21.9,32,0.01,1.5,2018,2,20
2241,2/21/2018,16,23,0,2.91,2018,2,21
2242,2/22/2018,15.1,30,0.08,0,2018,2,22
2243,2/23/2018,28,46.9,0.12,T,2018,2,23
2244,2/24/2018,42.1,55.9,0,0,2018,2,24
2245,2/25/2018,36,43,0.51,0,2018,2,25
2246,2/26/2018,30.9,41,0,0.2,2018,2,26
2247,2/27/2018,37,46,0,0,2018,2,27
2248,2/28/2018,37.9,46,0.01,0,2018,2,28
2249,3/1/2018,39,52,0,0,2018,3,1
2250,3/2/2018,34,50,2.3,0,2018,3,2
2251,3/3/2018,14,35.1,,0,2018,3,3
2252,3/4/2018,10,28,,0,2018,3,4
2253,3/5/2018,25,39,0.05,0,2018,3,5
2254,3/6/2018,28,48,,T,2018,3,6
2255,3/7/2018,30,60.1,0.55,0,2018,3,7
2256,3/8/2018,30,45,0.71,0,2018,3,8
2257,3/9/2018,25,39.9,,0,2018,3,9
2258,3/10/2018,30,46.9,,0.51,2018,3,10
2259,3/11/2018,30,37.9,0,0,2018,3,11
2260,3/12/2018,33.1,42.1,,0,2018,3,12
2261,3/13/2018,30.9,54,1.15,0,2018,3,13
2262,3/14/2018,19,34,,0,2018,3,14
2263,3/15/2018,6.1,19,0.01,0,2018,3,15
2264,3/16/2018,10,34,0,1.18,2018,3,16
2265,3/17/2018,33.1,48,0,0.2,2018,3,17
2266,3/18/2018,21,52,0,0,2018,3,18
2267,3/19/2018,17.1,33.1,0,0.31,2018,3,19
2268,3/20/2018,21.9,32,0,1.5,2018,3,20
2269,3/21/2018,16,23,,2.91,2018,3,21
2270,3/22/2018,15.1,30,0.09,0,2018,3,22
2271,3/23/2018,28,46.9,0,T,2018,3,23
2272,3/24/2018,42.1,55.9,0.01,0,2018,3,24
2273,3/25/2018,36,43,0.07,0,2018,3,25
2274,3/26/2018,30.9,41,0,0.2,2018,3,26
2275,3/27/2018,37,46,0,0,2018,3,27
2276,3/28/2018,37.9,46,0.01,0,2018,3,28
2277,3/29/2018,34,43,0.01,0,2018,3,29
2278,3/30/2018,30.9,39.9,0.08,T,2018,3,30
2279,3/31/2018,30,46.9,0,0,2018,3,31
2280,4/1/2018,39,52,0,0,2018,4,1
2281,4/2/2018,34,50,0.11,0,2018,4,2
2282,4/3/2018,14,35.1,0.47,0,2018,4,3
2283,4/4/2018,10,28,0.2,0,2018,4,4
2284,4/5/2018,25,39,0,0,2018,4,5
2285,4/6/2018,28,48,0.21,T,2018,4,6
2286,4/7/2018,30,60.1,0.01,0,2018,4,7
2287,4/8/2018,30,45,0,0,2018,4,8
2288,4/9/2018,25,39.9,0,0,2018,4,9
2289,4/10/2018,30,46.9,,0.51,2018,4,10
2290,4/11/2018,30,37.9,0,0,2018,4,11
2291,4/12/2018,33.1,42.1,0.06,0,2018,4,12
2292,4/13/2018,30.9,54,,0,2018,4,13
2293,4/14/2018,19,34,0,0,2018,4,14
2294,4/15/2018,6.1,19,0.04,0,2018,4,15
2295,4/16/2018,10,34,1.57,1.18,2018,4,16
2296,4/17/2018,33.1,48,0,0.2,2018,4,17
2297,4/18/2018,21,52,0,0,2018,4,18
2298,4/19/2018,17.1,33.1,0.23,0.31,2018,4,19
2299,4/20/2018,21.9,32,0,1.5,2018,4,20
2300,4/21/2018,16,23,0,2.91,2018,4,21
2301,4/22/2018,15.1,30,0,0,2018,4,22
2302,4/23/2018,28,46.9,0,T,2018,4,23
2303,4/24/2018,42.1,55.9,0,0,2018,4,24
2304,4/25/2018,36,43,0.72,0,2018,4,25
2305,4/26/2018,30.9,41,0.21,0.2,2018,4,26
2306,4/27/2018,37,46,0.54,0,2018,4,27
2307,4/28/2018,37.9,46,0,0,2018,4,28
2308,4/29/2018,34,43,0.05,0,2018,4,29
2309,4/30/2018,30.9,39.9,0.2,T,2018,4,30
2310,5/1/2018,39,52,0,0,2018,5,1
2311,5/2/2018,34,50,0,0,2018,5,2
2312,5/3/2018,14,35.1,0.09,0,2018,5,3
2313,5/4/2018,10,28,,0,2018,5,4
2314,5/5/2018,25,39,0,0,2018,5,5
2315,5/6/2018,28,48,0.19,T,2018,5,6
2316,5/7/2018,30,60.1,0,0,2018,5,7
2317,5/8/2018,30,45,0,0,2018,5,8
2318,5/9/2018,25,39.9,0,0,2018,5,9
2319,5/10/2018,30,46.9,,0.51,2018,5,10
2320,5/11/2018,30,37.9,0,0,2018,5,11
2321,5/12/2018,33.1,42.1,0.21,0,2018,5,12
2322,5/13/2018,30.9,54,0,0,2018,5,13
2323,5/14/2018,19,34,0,0,2018,5,14
2324,5/15/2018,6.1,19,1,0,2018,5,15
2325,5/16/2018,10,34,,1.18,2018,5,16
2326,5/17/2018,33.1,48,0,0.2,2018,5,17
2327,5/18/2018,21,52,0,0,2018,5,18
2328,5/19/2018,17.1,33.1,0.2,0.31,2018,5,19
2329,5/20/2018,21.9,32,0.08,1.5,2018,5,20
2330,5/21/2018,16,23,0,2.91,2018,5,21
2331,5/22/2018,15.1,30,0.03,0,2018,5,22
2332,5/23/2018,28,46.9,0.02,T,2018,5,23
2333,5/24/2018,42.1,55.9,0,0,2018,5,24
2334,5/25/2018,36,43,0,0,2018,5,25
2335,5/26/2018,30.9,41,,0.2,2018,5,26
2336,5/27/2018,37,46,0.02,0,2018,5,27
2337,5/28/2018,37.9,46,0.06,0,2018,5,28
2338,5/29/2018,34,43,0,0,2018,5,29
2339,5/30/2018,30.9,39.9,0,T,2018,5,30
2340,5/31/2018,30,46.9,0,0,2018,5,31
2341,6/1/2018,39,52,0.01,0,2018,6,1
2342,6/2/2018,34,50,0.01,0,2018,6,2
2343,6/3/2018,14,35.1,0,0,2018,6,3
2344,6/4/2018,10,28,0.62,0,2018,6,4
2345,6/5/2018,25,39,0.34,0,2018,6,5
2346,6/6/2018,28,48,0,T,2018,6,6
2347,6/7/2018,30,60.1,0,0,2018,6,7
2348,6/8/2018,30,45,,0,2018,6,8
2349,6/9/2018,25,39.9,0,0,2018,6,9
2350,6/10/2018,30,46.9,0,0.51,2018,6,10
2351,6/11/2018,30,37.9,0,0,2018,6,11
2352,6/12/2018,33.1,42.1,0,0,2018,6,12
2353,6/13/2018,30.9,54,,0,2018,6,13
2354,6/14/2018,19,34,0,0,2018,6,14
2355,6/15/2018,6.1,19,,0,2018,6,15
2356,6/16/2018,10,34,0,1.18,2018,6,16
2357,6/17/2018,33.1,48,0,0.2,2018,6,17
2358,6/18/2018,21,52,0.13,0,2018,6,18
2359,6/19/2018,17.1,33.1,0.01,0.31,2018,6,19
2360,6/20/2018,21.9,32,0,1.5,2018,6,20
2361,6/21/2018,16,23,0,2.91,2018,6,21
2362,6/22/2018,15.1,30,0,0,2018,6,22
2363,6/23/2018,28,46.9,,T,2018,6,23
2364,6/24/2018,42.1,55.9,0.26,0,2018,6,24
2365,6/25/2018,36,43,0.33,0,2018,6,25
2366,6/26/2018,30.9,41,0,0.2,2018,6,26
2367,6/27/2018,37,46,0.09,0,2018,6,27
2368,6/28/2018,37.9,46,1.16,0,2018,6,28
2369,6/29/2018,34,43,0,0,2018,6,29
2370,6/30/2018,30.9,39.9,0,T,2018,6,30
2371,7/1/2018,39,52,0,0,2018,7,1
2372,7/2/2018,34,50,0,0,2018,7,2
2373,7/3/2018,14,35.1,0.01,0,2018,7,3
2374,7/4/2018,10,28,0,0,2018,7,4
2375,7/5/2018,25,39,0,0,2018,7,5
2376,7/6/2018,28,48,0.35,T,2018,7,6
2377,7/7/2018,30,60.1,0,0,2018,7,7
2378,7/8/2018,30,45,0,0,2018,7,8
2379,7/9/2018,25,39.9,0,0,2018,7,9
2380,7/10/2018,30,46.9,,0.51,2018,7,10
2381,7/11/2018,30,37.9,0.19,0,2018,7,11
2382,7/12/2018,33.1,42.1,0,0,2018,7,12
2383,7/13/2018,30.9,54,0,0,2018,7,13
2384,7/14/2018,19,34,0.31,0,2018,7,14
2385,7/15/2018,6.1,19,0.01,0,2018,7,15
2386,7/16/2018,10,34,0,1.18,2018,7,16
2387,7/17/2018,33.1,48,2.68,0.2,2018,7,17
2388,7/18/2018,21,52,0.06,0,2018,7,18
2389,7/19/2018,17.1,33.1,0,0.31,2018,7,19
2390,7/20/2018,21.9,32,0,1.5,2018,7,20
2391,7/21/2018,16,23,0,2.91,2018,7,21
2392,7/22/2018,15.1,30,0.17,0,2018,7,22
2393,7/23/2018,28,46.9,0.03,T,2018,7,23
2394,7/24/2018,42.1,55.9,0,0,2018,7,24
2395,7/25/2018,36,43,0.14,0,2018,7,25
2396,7/26/2018,30.9,41,0.6,0.2,2018,7,26
2397,7/27/2018,37,46,0,0,2018,7,27
2398,7/28/2018,37.9,46,0,0,2018,7,28
2399,7/29/2018,34,43,0,0,2018,7,29
2400,7/30/2018,30.9,39.9,0,T,2018,7,30
2401,7/31/2018,30,46.9,0,0,2018,7,31
2402,8/1/2018,39,52,,0,2018,8,1
2403,8/2/2018,34,50,,0,2018,8,2
2404,8/3/2018,14,35.1,0.06,0,2018,8,3
2405,8/4/2018,10,28,0.64,0,2018,8,4
2406,8/5/2018,25,39,0,0,2018,8,5
2407,8/6/2018,28,48,0,T,2018,8,6
2408,8/7/2018,30,60.1,0,0,2018,8,7
2409,8/8/2018,30,45,0.98,0,2018,8,8
2410,8/9/2018,25,39.9,0.06,0,2018,8,9
2411,8/10/2018,30,46.9,0,0.51,2018,8,10
2412,8/11/2018,30,37.9,0.39,0,2018,8,11
2413,8/12/2018,33.1,42.1,1.38,0,2018,8,12
2414,8/13/2018,30.9,54,0.29,0,2018,8,13
2415,8/14/2018,19,34,0.01,0,2018,8,14
2416,8/15/2018,6.1,19,0,0,2018,8,15
2417,8/16/2018,10,34,0,1.18,2018,8,16
2418,8/17/2018,33.1,48,0.2,0.2,2018,8,17
2419,8/18/2018,21,52,0.13,0,2018,8,18
2420,8/19/2018,17.1,33.1,0.01,0.31,2018,8,19
2421,8/20/2018,21.9,32,0,1.5,2018,8,20
2422,8/21/2018,16,23,0,2.91,2018,8,21
2423,8/22/2018,15.1,30,0.5,0,2018,8,22
2424,8/23/2018,28,46.9,,T,2018,8,23
2425,8/24/2018,42.1,55.9,0,0,2018,8,24
2426,8/25/2018,36,43,0,0,2018,8,25
2427,8/26/2018,30.9,41,0,0.2,2018,8,26
2428,8/27/2018,37,46,0,0,2018,8,27
2429,8/28/2018,37.9,46,0,0,2018,8,28
2430,8/29/2018,34,43,0,0,2018,8,29
2431,8/30/2018,30.9,39.9,0,T,2018,8,30
2432,8/31/2018,30,46.9,0,0,2018,8,31
2433,9/1/2018,39,52,0,0,2018,9,1
2434,9/2/2018,34,50,0,0,2018,9,2
2435,9/3/2018,14,35.1,0,0,2018,9,3
2436,9/4/2018,10,28,0,0,2018,9,4
2437,9/5/2018,25,39,0,0,2018,9,5
2438,9/6/2018,28,48,0.03,T,2018,9,6
2439,9/7/2018,30,60.1,,0,2018,9,7
2440,9/8/2018,30,45,,0,2018,9,8
2441,9/9/2018,25,39.9,,0,2018,9,9
2442,9/10/2018,30,46.9,,0.51,2018,9,10
2443,9/11/2018,30,37.9,,0,2018,9,11
2444,9/12/2018,33.1,42.1,,0,2018,9,12
2445,9/13/2018,30.9,54,,0,2018,9,13
2446,9/14/2018,19,34,,0,2018,9,14
2447,9/15/2018,6.1,19,,0,2018,9,15
2448,9/16/2018,10,34,,1.18,2018,9,16
2449,9/17/2018,33.1,48,,0.2,2018,9,17
2450,9/18/2018,21,52,,0,2018,9,18
2451,9/19/2018,17.1,33.1,,0.31,2018,9,19
2452,9/20/2018,21.9,32,,1.5,2018,9,20
2453,9/21/2018,16,23,,2.91,2018,9,21
2454,9/22/2018,15.1,30,,0,2018,9,22
2455,9/23/2018,28,46.9,,T,2018,9,23
2456,9/24/2018,42.1,55.9,,0,2018,9,24
2457,9/25/2018,36,43,,0,2018,9,25
2458,9/26/2018,30.9,41,,0.2,2018,9,26
2459,9/27/2018,37,46,,0,2018,9,27
2460,9/28/2018,37.9,46,,0,2018,9,28
2461,9/29/2018,34,43,,0,2018,9,29
2462,9/30/2018,30.9,39.9,,T,2018,9,30
2463,10/1/2018,39,52,,0,2018,10,1
2464,10/2/2018,34,50,,0,2018,10,2
2465,10/3/2018,14,35.1,,0,2018,10,3
2466,10/4/2018,10,28,,0,2018,10,4
2467,10/5/2018,25,39,,0,2018,10,5
2468,10/6/2018,28,48,,T,2018,10,6
2469,10/7/2018,30,60.1,,0,2018,10,7
2470,10/8/2018,30,45,,0,2018,10,8
2471,10/9/2018,25,39.9,,0,2018,10,9
2472,10/10/2018,30,46.9,,0.51,2018,10,10
2473,10/11/2018,30,37.9,,0,2018,10,11
2474,10/12/2018,33.1,42.1,,0,2018,10,12
2475,10/13/2018,30.9,54,,0,2018,10,13
2476,10/14/2018,19,34,,0,2018,10,14
2477,10/15/2018,6.1,19,,0,2018,10,15
2478,10/16/2018,10,34,,1.18,2018,10,16
2479,10/17/2018,33.1,48,,0.2,2018,10,17
2480,10/18/2018,21,52,,0,2018,10,18
2481,10/19/2018,17.1,33.1,,0.31,2018,10,19
2482,10/20/2018,21.9,32,,1.5,2018,10,20
2483,10/21/2018,16,23,,2.91,2018,10,21
2484,10/22/2018,15.1,30,,0,2018,10,22
2485,10/23/2018,28,46.9,,T,2018,10,23
2486,10/24/2018,42.1,55.9,,0,2018,10,24
2487,10/25/2018,36,43,,0,2018,10,25
2488,10/26/2018,30.9,41,,0.2,2018,10,26
2489,10/27/2018,37,46,,0,2018,10,27
2490,10/28/2018,37.9,46,,0,2018,10,28
2491,10/29/2018,34,43,,0,2018,10,29
2492,10/30/2018,30.9,39.9,,T,2018,10,30
2493,10/31/2018,30,46.9,,0,2018,10,31
2494,11/1/2018,39,52,,0,2018,11,1
2495,11/2/2018,34,50,,0,2018,11,2
2496,11/3/2018,14,35.1,,0,2018,11,3
2497,11/4/2018,10,28,,0,2018,11,4
2498,11/5/2018,25,39,,0,2018,11,5
2499,11/6/2018,28,48,,T,2018,11,6
2500,11/7/2018,30,60.1,,0,2018,11,7
2501,11/8/2018,30,45,,0,2018,11,8
2502,11/9/2018,25,39.9,,0,2018,11,9
2503,11/10/2018,30,46.9,,0.51,2018,11,10
2504,11/11/2018,30,37.9,,0,2018,11,11
2505,11/12/2018,33.1,42.1,,0,2018,11,12
2506,11/13/2018,30.9,54,,0,2018,11,13
2507,11/14/2018,19,34,,0,2018,11,14
2508,11/15/2018,6.1,19,,0,2018,11,15
2509,11/16/2018,10,34,,1.18,2018,11,16
2510,11/17/2018,33.1,48,,0.2,2018,11,17
2511,11/18/2018,21,52,,0,2018,11,18
2512,11/19/2018,17.1,33.1,,0.31,2018,11,19
2513,11/20/2018,21.9,32,,1.5,2018,11,20
2514,11/21/2018,16,23,,2.91,2018,11,21
2515,11/22/2018,15.1,30,,0,2018,11,22
2516,11/23/2018,28,46.9,,T,2018,11,23
2517,11/24/2018,42.1,55.9,,0,2018,11,24
2518,11/25/2018,36,43,,0,2018,11,25
2519,11/26/2018,30.9,41,,0.2,2018,11,26
2520,11/27/2018,37,46,,0,2018,11,27
2521,11/28/2018,37.9,46,,0,2018,11,28
2522,11/29/2018,34,43,,0,2018,11,29
2523,11/30/2018,30.9,39.9,,T,2018,11,30
2524,12/1/2018,39,52,,0,2018,12,1
2525,12/2/2018,34,50,,0,2018,12,2
2526,12/3/2018,14,35.1,,0,2018,12,3
2527,12/4/2018,10,28,,0,2018,12,4
2528,12/5/2018,25,39,,0,2018,12,5
2529,12/6/2018,28,48,,T,2018,12,6
2530,12/7/2018,30,60.1,,0,2018,12,7
2531,12/8/2018,30,45,,0,2018,12,8
2532,12/9/2018,25,39.9,,0,2018,12,9
2533,12/10/2018,30,46.9,,0.51,2018,12,10
2534,12/11/2018,30,37.9,,0,2018,12,11
2535,12/12/2018,33.1,42.1,,0,2018,12,12
2536,12/13/2018,30.9,54,,0,2018,12,13
2537,12/14/2018,19,34,,0,2018,12,14
2538,12/15/2018,6.1,19,,0,2018,12,15
2539,12/16/2018,10,34,,1.18,2018,12,16
2540,12/17/2018,33.1,48,,0.2,2018,12,17
2541,12/18/2018,21,52,,0,2018,12,18
2542,12/19/2018,17.1,33.1,,0.31,2018,12,19
2543,12/20/2018,21.9,32,,1.5,2018,12,20
2544,12/21/2018,16,23,,2.91,2018,12,21
2545,12/22/2018,15.1,30,,0,2018,12,22
2546,12/23/2018,28,46.9,,T,2018,12,23
2547,12/24/2018,42.1,55.9,,0,2018,12,24
2548,12/25/2018,36,43,,0,2018,12,25
2549,12/26/2018,30.9,41,,0.2,2018,12,26
2550,12/27/2018,37,46,,0,2018,12,27
2551,12/28/2018,37.9,46,,0,2018,12,28
2552,12/29/2018,34,43,,0,2018,12,29
2553,12/30/2018,30.9,39.9,,T,2018,12,30
2554,12/31/2018,30,46.9,,0,2018,12,31
